fi;Tapiola Sinfonietta: Jossain;sv;Tapiola Sinfonietta: Någonstans;en;Tapiola Sinfonietta: Somewhere;zh;null;Kulttuuriaukio 2,Espoo,02100,
fi;Tapiola Sinfonietta: Avoin kenraaliharjoitus 10;sv;Tapiola Sinfonietta: Öppna generalrepetitioner;en;Tapiola Sinfonietta: Open rehearsals;zh;null;Kulttuuriaukio 2,Espoo,02100,
fi;Tapiola Sinfonietta: Portti;sv;Tapiola Sinfonietta: Porten;en;Tapiola Sinfonietta: Portal;zh;null;Kulttuuriaukio 2,Espoo,02100,
fi;Tapiola Sinfonietta: Avoin kenraaliharjoitus 9;sv;Tapiola Sinfonietta: Öppna generalrepetitioner;en;Tapiola Sinfonietta: Open rehearsals;zh;null;Kulttuuriaukio 2,Espoo,02100,
fi;Tapiola Sinfonietta: Loiste - Verkkokonsertti;sv;Tapiola Sinfonietta: Glans - Webbkonsert;en;Tapiola Sinfonietta: Brilliance - Virtual Concert;zh;null;Kulttuuriaukio 2,Espoo,02100,
fi;Tapiola Sinfonietta: Unelmia - Verkkokonsertti;sv;null;en;null;zh;null;Kulttuuriaukio 2,Espoo,02100,
fi;Ane Brun (NO);sv;null;en;null;zh;null;Kasarmikatu 46-48,Helsinki,00130,
fi;Ane Brun (NO) – KONSERTTI SIIRTYY -> ti 30.11.2021;sv;null;en;null;zh;null;Kasarmikatu 46-48,Helsinki,00130,
fi;Tapiola Sinfonietta: Iltapäiväkonsertti 4 (PERUTTU);sv;Tapiola Sinfonietta: Eftermiddagskonsertit 4 (INSTÄLLD);en;Tapiola Sinfonietta: Matinée 4 (CANCELLED);zh;null;Kulttuuriaukio 2,Espoo,02100,
fi;Tapiola Sinfonietta: Avoin kenraaliharjoitus 8 (PERUTTU);sv;Tapiola Sinfonietta: Öppna generalrepetitioner (INSTÄLLD);en;Tapiola Sinfonietta: Open rehearsals (CANCELLED);zh;null;Kulttuuriaukio 2,Espoo,02100,
fi;Tapiola Sinfonietta: Avoin kenraaliharjoitus 7 (PERUTTU);sv;Tapiola Sinfonietta: Öppna generalrepetitioner (INSTÄLLD);en;Tapiola Sinfonietta: Open rehearsals (CANCELLED);zh;null;Kulttuuriaukio 2,Espoo,02100,
fi;Resonaari soi 2021 – KONSERTTI ON PERUTTU;sv;null;en;null;zh;null;Kasarmikatu 46-48,Helsinki,00130,
fi;Resonaari soi 2021 – KONSERTTI ON PERUTTU;sv;null;en;null;zh;null;Kasarmikatu 46-48,Helsinki,00130,
fi;Siirtyy: Electric Festival 2021;sv;null;en;Transferred: Electric Festival 2021;zh;null;Henry Fordin katu 6,Helsinki,00150,
fi;LIVE STREAM | Pohjoinen klubi: Maunula Jazz Happening II;sv;LIVE STREAM | Pohjoinen klubi: Maunula Jazz Happening II;en;LIVE STREAM | Pohjoinen klubi: Maunula Jazz Happening II;zh;null;Metsäpurontie 4,Helsinki,00630,
fi;LIVE STREAM | Breaks at Dawn – Facebookissa ja Helsinki-kanavalla;sv;LIVE STREAM | Breaks at Dawn – På Facebook och Helsinki-kanava;en;LIVE STREAM | Breaks at Dawn – On Facebook and Helsinki-kanava;zh;null;Kaikukatu 4, Helsinki,Helsinki,00530,
fi;Sointi Jazz Orchestra -klubi;sv;null;en;Sointi Jazz Orchestra Club;zh;null;Hämeentie 68,Helsinki,00550,
fi;SIIRRETTY: Joska Josafat – A la Malmi;sv;FRAMFLYTTAD: Joska Josafat – A la Malmi;en;RESCHEDULED: Joska Josafat – A la Malmi;zh;null;Ala-Malmin tori 1,Helsinki,00700,
fi;SIIRRETTY: Reiska Laine Quintet – Jazz'n'Jam;sv;FRAMFLYTTAD: Reiska Laine Quintet – Jazz'n'Jam;en;RESCHEDULED: Reiska Laine Quintet – Jazz'n'Jam;zh;null;Ala-Malmin tori 1,Helsinki,00700,
fi;Musiikkiopisto Juvenalia: La Clemenza di Tito -ooppera (PERUTTU);sv;Musikinstitutet Juvenalia: W. A. Mozarts opera La Clemenza di Tito;en;Music Academy Juvenalia: W. A. Mozart's opera La Clemenza di Tito;zh;null;Soittoniekanaukio 1 A,Espoo,02600,
fi;Musiikkiopisto Juvenalia: La Clemenza di Tito -ooppera (PERUTTU);sv;Musikinstitutet Juvenalia: W. A. Mozarts opera La Clemenza di Tito;en;Music Academy Juvenalia: W. A. Mozart's opera La Clemenza di Tito;zh;null;Soittoniekanaukio 1 A,Espoo,02600,
fi;Musiikkiopisto Juvenalia: La Clemenza di Tito -ooppera (PERUTTU);sv;Musikinstitutet Juvenalia: W. A. Mozarts opera La Clemenza di Tito;en;Music Academy Juvenalia: W. A. Mozart's opera La Clemenza di Tito;zh;null;Soittoniekanaukio 1 A,Espoo,02600,
fi;Musiikkiopisto Juvenalia: Joutsenlaulu (PERUTTU);sv;null;en;null;zh;null;Soittoniekanaukio 1 A,Espoo,02600,
fi;Musiikkiopisto Juvenalia: Pianistien konserttimaraton (PERUTTU);sv;null;en;null;zh;null;Soittoniekanaukio 1 A,Espoo,02600,
fi;Musiikkiopisto Juvenalia: Soitinvalmennusosaston kevätkonsertti (PERUTTU);sv;null;en;null;zh;null;Soittoniekanaukio 1 A,Espoo,02600,
fi;PERUTTU | Kamarimusiikkia Kanneltalossa – Maksuttomat maanantait;sv;INSTÄLLT | Kammarmusik i Kanneltalo – Maksuttomat maanantait;en;CANCELLED | Chamber Music in Kanneltalo – Maksuttomat maanantait;zh;null;Klaneettitie 5,Helsinki,00420,
fi;Pienten pihapuuhat;sv;null;en;null;zh;null;Etupellontie 8,Helsinki,00680,
fi;Pienten pihapuuhat;sv;null;en;null;zh;null;Etupellontie 8,Helsinki,00680,
fi;Pienten pihapuuhat;sv;null;en;null;zh;null;Etupellontie 8,Helsinki,00680,
fi;Pienten pihapuuhat;sv;null;en;null;zh;null;Etupellontie 8,Helsinki,00680,
fi;Pienten pihapuuhat;sv;null;en;null;zh;null;Etupellontie 8,Helsinki,00680,
fi;Pienten pihapuuhat;sv;null;en;null;zh;null;Etupellontie 8,Helsinki,00680,
fi;Pienten pihapuuhat;sv;null;en;null;zh;null;Etupellontie 8,Helsinki,00680,
fi;Pienten pihapuuhat;sv;null;en;null;zh;null;Etupellontie 8,Helsinki,00680,
fi;Pienten pihapuuhat;sv;null;en;null;zh;null;Etupellontie 8,Helsinki,00680,
fi;Pienten pihapuuhat;sv;null;en;null;zh;null;Etupellontie 8,Helsinki,00680,
fi;Pienten pihapuuhat;sv;null;en;null;zh;null;Etupellontie 8,Helsinki,00680,
fi;Pienten pihapuuhat;sv;null;en;null;zh;null;Etupellontie 8,Helsinki,00680,
fi;Pienten pihapuuhat;sv;null;en;null;zh;null;Etupellontie 8,Helsinki,00680,
fi;Pienten pihapuuhat;sv;null;en;null;zh;null;Etupellontie 8,Helsinki,00680,
fi;Pienten pihapuuhat;sv;null;en;null;zh;null;Etupellontie 8,Helsinki,00680,
fi;Pienten pihapuuhat;sv;null;en;null;zh;null;Etupellontie 8,Helsinki,00680,
fi;Pienten pihapuuhat;sv;null;en;null;zh;null;Etupellontie 8,Helsinki,00680,
fi;Pienten pihapuuhat;sv;null;en;null;zh;null;Etupellontie 8,Helsinki,00680,
fi;Pienten pihapuuhat;sv;null;en;null;zh;null;Etupellontie 8,Helsinki,00680,
fi;Pienten pihapuuhat;sv;null;en;null;zh;null;Etupellontie 8,Helsinki,00680,
fi;Pienten pihapuuhat;sv;null;en;null;zh;null;Etupellontie 8,Helsinki,00680,
fi;Pienten pihapuuhat;sv;null;en;null;zh;null;Etupellontie 8,Helsinki,00680,
fi;Pienten pihapuuhat;sv;null;en;null;zh;null;Etupellontie 8,Helsinki,00680,
fi;Pienten pihapuuhat;sv;null;en;null;zh;null;Etupellontie 8,Helsinki,00680,
fi;ibe + Cavallini & Shrty – Stoa Black Box;sv;ibe + Cavallini & Shrty – Stoa Black Box;en;ibe + Cavallini & Shrty – Stoa Black Box;zh;null;Turunlinnantie 1,Helsinki,00900,
fi;PERUTTU | Rosita Luu ja Arppa – Stoa Black Box;sv;INSTÄLLD | Rosita Luu & Arppa – Stoa Black Box;en;CANCELLED | Rosita Luu & Arppa – Stoa Black Box;zh;null;Turunlinnantie 1,Helsinki,00900,
fi;PERUTTU / SIIRTYY VERKKOON | william + Le Fvbelos – Stoa Black Box;sv;INSTÄLLD / FRAMFLYTTAR TILL WEBBEN | william + Le Fvbelos – Stoa Black Box;en;CANCELLED / ONLINE | william + Le Fvbelos – Stoa Black Box;zh;null;Turunlinnantie 1,Helsinki,00900,
fi;Jiri Nikkinen The Beatles Tribute Band – Let It Be 50 v;sv;null;en;null;zh;null;Soittoniekanaukio 1 A,Espoo,02600,
fi;Silvennoinen, Försti, Hela & Band;sv;null;en;null;zh;null;Soittoniekanaukio 1 A,Espoo,02600,
fi;Pauli Hanhiniemen Retkue;sv;null;en;null;zh;null;Soittoniekanaukio 1 A,Espoo,02600,
fi;PERUTTU Koutus – Jazz'n'Jam;sv;INSTÄLLD Koutus – Jazz'n'Jam;en;CANCELLED Koutus – Jazz'n'Jam;zh;null;Ala-Malmin tori 1,Helsinki,00700,
fi;Pienten pihapuuhat;sv;null;en;null;zh;null;Etupellontie 8,Helsinki,00680,
fi;Pienten pihapuuhat;sv;null;en;null;zh;null;Etupellontie 8,Helsinki,00680,
fi;Pauli Hanhiniemen Retkue (SIIRTYY 8.10.2021);sv;Pauli Hanhiniemen Retkue (FLYTTAS till 8.10.2021);en;Pauli Hanhiniemen Retkue (MOVED to 8 Oct 2021);zh;null;Soittoniekanaukio 1 A,Espoo,02600,
fi;Pienten Pihapuuhat Leikkipuisto Linjassa;sv;null;en;null;zh;null;Toinen linja 6,Helsinki,00530,
fi;Silvennoinen, Försti, Hela & Band (SIIRTYY 15.9.2022);sv;Silvennoinen, Försti, Hela & Band (FLYTTAS till 15.9.2022);en;Silvennoinen, Försti, Hela & Band (MOVED TO 15.9.2022);zh;null;Soittoniekanaukio 1 A,Espoo,02600,
fi;Pienten Pihapuuhat Leikkipuisto Linjassa;sv;null;en;null;zh;null;Toinen linja 6,Helsinki,00530,
fi;Pienten Pihapuuhat Leikkipuisto Linjassa;sv;null;en;null;zh;null;Toinen linja 6,Helsinki,00530,
fi;Pienten Pihapuuhat Leikkipuisto Linjassa;sv;null;en;null;zh;null;Toinen linja 6,Helsinki,00530,
fi;Pienten Pihapuuhat Leikkipuisto Linjassa;sv;null;en;null;zh;null;Toinen linja 6,Helsinki,00530,
fi;Pienten Pihapuuhat Leikkipuisto Linjassa;sv;null;en;null;zh;null;Toinen linja 6,Helsinki,00530,
fi;Pienten Pihapuuhat Leikkipuisto Linjassa;sv;null;en;null;zh;null;Toinen linja 6,Helsinki,00530,
fi;Pienten Pihapuuhat Leikkipuisto Linjassa;sv;null;en;null;zh;null;Toinen linja 6,Helsinki,00530,
fi;Pienten Pihapuuhat Leikkipuisto Linjassa;sv;null;en;null;zh;null;Toinen linja 6,Helsinki,00530,
fi;Pienten Pihapuuhat Leikkipuisto Linjassa;sv;null;en;null;zh;null;Toinen linja 6,Helsinki,00530,
fi;Pienten Pihapuuhat Leikkipuisto Linjassa;sv;null;en;null;zh;null;Toinen linja 6,Helsinki,00530,
fi;Pienten Pihapuuhat Leikkipuisto Linjassa;sv;null;en;null;zh;null;Toinen linja 6,Helsinki,00530,
fi;Pienten Pihapuuhat Leikkipuisto Linjassa;sv;null;en;null;zh;null;Toinen linja 6,Helsinki,00530,
fi;Pienten Pihapuuhat Leikkipuisto Linjassa;sv;null;en;null;zh;null;Toinen linja 6,Helsinki,00530,
fi;Pienten Pihapuuhat Leikkipuisto Linjassa;sv;null;en;null;zh;null;Toinen linja 6,Helsinki,00530,
fi;Pienten Pihapuuhat Leikkipuisto Linjassa;sv;null;en;null;zh;null;Toinen linja 6,Helsinki,00530,
fi;Pienten Pihapuuhat Leikkipuisto Linjassa;sv;null;en;null;zh;null;Toinen linja 6,Helsinki,00530,
fi;Pienten Pihapuuhat Leikkipuisto Linjassa;sv;null;en;null;zh;null;Toinen linja 6,Helsinki,00530,
fi;Pienten Pihapuuhat Leikkipuisto Linjassa;sv;null;en;null;zh;null;Toinen linja 6,Helsinki,00530,
fi;Pienten Pihapuuhat Leikkipuisto Linjassa;sv;null;en;null;zh;null;Toinen linja 6,Helsinki,00530,
fi;Pienten Pihapuuhat Leikkipuisto Linjassa;sv;null;en;null;zh;null;Toinen linja 6,Helsinki,00530,
fi;Pienten Pihapuuhat Leikkipuisto Linjassa;sv;null;en;null;zh;null;Toinen linja 6,Helsinki,00530,
fi;Pienten Pihapuuhat Leikkipuisto Linjassa;sv;null;en;null;zh;null;Toinen linja 6,Helsinki,00530,
fi;Pienten Pihapuuhat Leikkipuisto Linjassa;sv;null;en;null;zh;null;Toinen linja 6,Helsinki,00530,
fi;Pienten Pihapuuhat Leikkipuisto Linjassa;sv;null;en;null;zh;null;Toinen linja 6,Helsinki,00530,
fi;JuuriJuhla – RotFest: Päivätanssit (PERUTTU);sv;null;en;null;zh;null;Soittoniekanaukio 1 A,Espoo,02600,
fi;Tuolijumppa;sv;null;en;null;zh;null;Keinulaudankuja 4 C,Helsinki,00940,
fi;Tuolijumppa;sv;null;en;null;zh;null;Keinulaudankuja 4 C,Helsinki,00940,
fi;Tuolijumppa;sv;null;en;null;zh;null;Keinulaudankuja 4 C,Helsinki,00940,
fi;Tuolijumppa;sv;null;en;null;zh;null;Keinulaudankuja 4 C,Helsinki,00940,
fi;PERUTTU / SIIRRETTY VERKKOON Broken Hearts Club – Maksuttomat maanantait;sv;INSTÄLLD / FLYTTAS TILL NÄTET Broken Hearts Club – Maksuttomat maanantait;en;CANCELLED / GOING ONLINE Broken Hearts Club – Maksuttomat maanantait;zh;null;Klaneettitie 5,Helsinki,00420,
fi;Maksuttomat maanantait;sv;null;en;null;zh;null;Klaneettitie 5,Helsinki,00420,
fi;Yhteislaulua säestyksellä;sv;null;en;null;zh;null;Metsäpurontie 25,Helsinki,00630,
fi;Yhteislaulua säestyksellä;sv;null;en;null;zh;null;Metsäpurontie 25,Helsinki,00630,
fi;Yhteislaulua säestyksellä;sv;null;en;null;zh;null;Metsäpurontie 25,Helsinki,00630,
fi;Yhteislaulua säestyksellä;sv;null;en;null;zh;null;Metsäpurontie 25,Helsinki,00630,
fi;PERUTTU | Kamarimusiikkikonsertti – Helsingin kaupunginorkesteri;sv;INSTÄLLD | Kamarimusiikkikonsertti – Helsingfors stadsorkester;en;CANCELLED | Kamarimusiikkikonsertti – Helsinki Philharmonic Orchestra;zh;null;Ala-Malmin tori 1,Helsinki,00700,
fi;Ruusut + Paperi T & Khid;sv;null;en;Ruusut + Paperi T & Khid;zh;null;Sturenkatu 4,Helsinki,00510,
fi;Pariisin Kevät;sv;null;en;Pariisin Kevät;zh;null;Sturenkatu 4,Helsinki,00510,
fi;Clannad;sv;null;en;Clannad;zh;null;Sturenkatu 4,Helsinki,00510,
fi;Suuri Kevätkonsertti;sv;null;en;Great Spring Concert;zh;null;Sturenkatu 4,Helsinki,00510,
fi;Hajuvettä ja lihapullia;sv;null;en;null;zh;null;Bulevardi 27,Helsinki,00180,
fi;Hajuvettä ja lihapullia;sv;null;en;null;zh;null;Bulevardi 27,Helsinki,00180,
fi;Hajuvettä ja lihapullia;sv;null;en;null;zh;null;Bulevardi 27,Helsinki,00180,
fi;Hajuvettä ja lihapullia;sv;null;en;null;zh;null;Bulevardi 27,Helsinki,00180,
fi;Topmost;sv;null;en;Topmost;zh;null;Bulevardi 27,Helsinki,00180,
fi;Pate Mustajärvi;sv;null;en;Pate Mustajärvi;zh;null;Bulevardi 27,Helsinki,00180,
fi;Menopaussi-musikaali;sv;null;en;null;zh;null;Bulevardi 27,Helsinki,00180,
fi;Menopaussi-musikaali;sv;null;en;null;zh;null;Bulevardi 27,Helsinki,00180,
fi;Menopaussi-musikaali;sv;null;en;null;zh;null;Bulevardi 27,Helsinki,00180,
fi;Menopaussi-musikaali;sv;null;en;null;zh;null;Bulevardi 27,Helsinki,00180,
fi;Menopaussi-musikaali;sv;null;en;null;zh;null;Bulevardi 27,Helsinki,00180,
fi;Menopaussi-musikaali;sv;null;en;null;zh;null;Bulevardi 27,Helsinki,00180,
fi;Menopaussi-musikaali;sv;null;en;null;zh;null;Bulevardi 27,Helsinki,00180,
fi;Menopaussi-musikaali;sv;null;en;null;zh;null;Bulevardi 27,Helsinki,00180,
fi;Menopaussi-musikaali;sv;null;en;null;zh;null;Bulevardi 27,Helsinki,00180,
fi;Peruutettu: Menopaussi-musikaali;sv;null;en;null;zh;null;Bulevardi 27,Helsinki,00180,
fi;Anne Frank & Eva Braun;sv;null;en;Anne Frank & Eva Braun;zh;null;Bulevardi 27,Helsinki,00180,
fi;Anne Frank & Eva Braun;sv;null;en;Anne Frank & Eva Braun;zh;null;Bulevardi 27,Helsinki,00180,
fi;Anne Frank & Eva Braun;sv;null;en;Anne Frank & Eva Braun;zh;null;Bulevardi 27,Helsinki,00180,
fi;Peruutettu: Anne Frank & Eva Braun;sv;null;en;Cancelled: Anne Frank & Eva Braun;zh;null;Bulevardi 27,Helsinki,00180,
fi;Peruutettu: Anne Frank & Eva Braun;sv;null;en;Cancelled: Anne Frank & Eva Braun;zh;null;Bulevardi 27,Helsinki,00180,
fi;Peruutettu: Anne Frank & Eva Braun;sv;null;en;Cancelled: Anne Frank & Eva Braun;zh;null;Bulevardi 27,Helsinki,00180,
fi;SIIRRETTY | Helsinki-Cotonou Ensemble;sv;OMPLANERAD | Helsinki-Cotonou Ensemble;en;RESCHEDULED | Helsinki-Cotonou Ensemble;zh;null;Ala-Malmin tori 1,Helsinki,00700,
fi;ONLINE Bravo!-festivaali – Lasten ja nuorten esittävän taiteen festivaali;sv;ONLINE Bravo!-festivalen – Den scenkonstfestivalen Bravo! för barn och unga;en;ONLINE Bravo! Festival – The performing arts festival for young audiences;zh;null;Kaikukatu 4, Helsinki,Helsinki,00530,
fi;Majakka;sv;null;en;The Lighthouse - Majakka;zh;null;Bulevardi 27,Helsinki,00180,
fi;Café Barock: Vanhan musiikin uudet toivot - lounaskonsertti Kirjatornissa;sv;null;en;null;zh;null;Rikhardinkatu 3,Helsinki,00130,
fi;Kansantansseja elävän musiikin säestyksellä | Italia & Viro;sv;Folkdans med levande musik | Italien & Estland;en;Folk Dances with Live music workshops | Italy & Estonia;zh;null;Kaikukatu 4, Helsinki,Helsinki,00530,
fi;Kansantansseja elävän musiikin säestyksellä | Bulgaria & Tanska;sv;Folkdans med levande musik | Irland & Österrike;en;Folk Dances with Live music workshops | Ireland & Austria;zh;null;Kaikukatu 4, Helsinki,Helsinki,00530,
fi;Kansantansseja elävän musiikin säestyksellä | Unkari & Liettua;sv;Folkdans med levande musik | Ungern & Litauen;en;Folk Dances with Live music workshops | Hungary & Lithuania;zh;null;Kaikukatu 4, Helsinki,Helsinki,00530,
fi;SIIRTYY | Kansantansseja elävän musiikin säestyksellä – Kreikka & Latvia;sv;FRAMFLYTTAD | Folkdans med levande musik – Grekland & Lettland;en;RESCHEDULED | Folk Dances with Live music workshops – Greece & Latvia;zh;null;Kaikukatu 4, Helsinki,Helsinki,00530,
fi;Menopaussi-musikaali;sv;null;en;null;zh;null;Bulevardi 27,Helsinki,00180,
fi;Menopaussi-musikaali;sv;null;en;null;zh;null;Bulevardi 27,Helsinki,00180,
fi;Menopaussi-musikaali;sv;null;en;null;zh;null;Bulevardi 27,Helsinki,00180,
fi;Menopaussi-musikaali;sv;null;en;null;zh;null;Bulevardi 27,Helsinki,00180,
fi;Erja Lyytinen (PERUTTU);sv;Erja Lyytinen (INSTÄLLD);en;Erja Lyytinen (CANCELLED);zh;null;Soittoniekanaukio 1 A,Espoo,02600,
fi;Kaartin soittokunta -festivaali 2021;sv;Gardets musikkår -festival 2021;en;The Guards Band Festival 2021;zh;null;Suomenlinna,Helsinki,00190,
fi;Peruutettu: Madama Butterfly;sv;Inställd: Madama Butterfly;en;Cancelled: Madama Butterfly;zh;null;Helsinginkatu 58,Helsinki,00260,
fi;Peruutettu: Madama Butterfly;sv;Inställd: Madama Butterfly;en;Cancelled: Madama Butterfly;zh;null;Helsinginkatu 58,Helsinki,00260,
fi;Peruutettu: Madama Butterfly;sv;Inställd: Madama Butterfly;en;Cancelled: Madama Butterfly;zh;null;Helsinginkatu 58,Helsinki,00260,
fi;Peruutettu: Madama Butterfly;sv;Inställd: Madama Butterfly;en;Cancelled: Madama Butterfly;zh;null;Helsinginkatu 58,Helsinki,00260,
fi;Peruutettu: Madama Butterfly;sv;Inställd: Madama Butterfly;en;Cancelled: Madama Butterfly;zh;null;Helsinginkatu 58,Helsinki,00260,
fi;Peruutettu: Madama Butterfly;sv;Inställd: Madama Butterfly;en;Cancelled: Madama Butterfly;zh;null;Helsinginkatu 58,Helsinki,00260,
fi;Peruutettu: Madama Butterfly;sv;Inställd: Madama Butterfly;en;Cancelled: Madama Butterfly;zh;null;Helsinginkatu 58,Helsinki,00260,
fi;Peruutettu: Madama Butterfly;sv;Inställd: Madama Butterfly;en;Cancelled: Madama Butterfly;zh;null;Helsinginkatu 58,Helsinki,00260,
fi;Peruutettu: Madama Butterfly;sv;Inställd: Madama Butterfly;en;Cancelled: Madama Butterfly;zh;null;Helsinginkatu 58,Helsinki,00260,
fi;SIIRTYY: P´tite Moi och Piaf – Teater Josefina;sv;FRAMFLYTTAD: P´tite Moi och Piaf – Teater Josefina;en;RESCHEDULED: P´tite Moi och Piaf – Teater Josefina;zh;null;Mosaiikkitori 2,Helsinki,00980,
fi;PERUTTU - In the Spirit of Nancy Wilson – The Great Helsinki Swing Big Band;sv;null;en;null;zh;null;Ala-Malmin tori 1,Helsinki,00700,
fi;Iltapäiväelokuva: Yhteinen sävel (PERUTTU);sv;Eftermiddagsfilm: Sångklubben (INSTÄLLD);en;Afternoon film: Military Wives (CANCELLED);zh;null;Soittoniekanaukio 1 A,Espoo,02600,
fi;Lasten lauantai: Vatsastapuhuja Sari Aalto (PERUTTU);sv;Barnens lördag: Buktalaren Sari Aalto (INSTÄLLD);en;Children’s Saturday: Ventriloquist Sari Aalto (CANCELLED);zh;null;Soittoniekanaukio 1 A,Espoo,02600,
fi;Matineakonsertti: Flamenco – Pohjoinen duende (PERUTTU);sv;Matinékonsert: Flamenco – ett nordiskt duende (INSTÄLLD);en;Matinée concert: Flamenco – Pohjoinen duende (CANCELLED);zh;null;Soittoniekanaukio 1 A,Espoo,02600,
fi;PERUTTU TAI SIIRTYY: Mimmit ruotsiksi – Vuotalon pääsiäisen ruotsinkielinen lastenkonsertti;sv;INSTÄLLD ELLER FRAMFLYTTAD: Mimmit på svenska – Nordhusets påsks svenskspråkiga barnkonsert;en;CANCELLED OR RESCHEDULED: Mimmit in swedish – Vuotalos Easterns swedishspeaking childrens concert;zh;null;Mosaiikkitori 2,Helsinki,00980,
fi;PERUTTU TAI SIIRTYY: Mimmit suomeksi – Vuotalon pääsiäisen suomenkielinen lastenkonsertti;sv;INSTÄLLD ELLER FRAMFLYTTAD: Mimmit suomeksi – Nordhusets påsks finskspråkiga barnkonsert;en;CANCELLED OR RESCHEDULED: Mimmit suomeksi – Vuotalos Easterns finnishspeaking childrens concert;zh;null;Mosaiikkitori 2,Helsinki,00980,
fi;SIIRTYY: Pauli Hanhiniemen Retkue;sv;FRAMFLYTTAD: Pauli Hanhiniemen Retkue;en;RESCHEDULED: Pauli Hanhiniemen Retkue;zh;null;Mosaiikkitori 2,Helsinki,00980,
fi;PERUTTU TAI SIIRTYY Merve & Chrysa;sv;INSTÄLLD ELLER FRAMFLYTTAD Merve & Chrysa;en;CANCELLED OR RESCHEDULED Merve & Chrysa;zh;null;Mosaiikkitori 2,Helsinki,00980,
fi;PERUTTU TAI SIIRTYY: Riippa: Vedil – Klubb Ankdamm;sv;INSTÄLLD ELLER FRAMFLYTTAD: Kusinerna Riippa: Vedil – Klubb Ankdamm;en;CANCELLED OR RESCHEDULED: Kusinerna Riippa: Vedil – Klubb Ankdamm;zh;null;Mosaiikkitori 2,Helsinki,00980,
fi;PERUTTU: Mirka Viitala – Flyygelikuu;sv;INSTÄLLD: Mirka Viitala – Flyygelikuu;en;CANCELLED: Mirka Viitala – Flyygelikuu;zh;null;Mosaiikkitori 2,Helsinki,00980,
fi;PERUTTU Altamullan Road – Johanna Iivanainen & Johanna Kurkela;sv;INSTÄLLD Altamullan Road – Johanna Iivanainen & Johanna Kurkela;en;CANCELLED Altamullan Road – Johanna Iivanainen & Johanna Kurkela;zh;null;Mosaiikkitori 2,Helsinki,00980,
fi;Tisdagsmatiné: Sjung sorgen! – Carita Holmström och Martina Roos;sv;Tisdagsmatiné: Sjung sorgen! – Carita Holmström och Martina Roos;en;Tisdagsmatiné: Sjung sorgen! – Carita Holmström och Martina Roos;zh;null;Mosaiikkitori 2,Helsinki,00980,
fi;PERUTTU - Muistatko;sv;INSTÄLLD - Muistatko;en;CANCELLED - Muistatko;zh;null;Turunlinnantie 1,Helsinki,00900,
fi;PERUTTU TAI SIIRTYY - Amuri, Joni Ekman & Siivet – A la Malmi;sv;INSTÄLLD ELLER FRAMFLYTTAD - Amuri, Joni Ekman & Siivet – A la Malmi;en;CANCELLED OR RESCHEDULED - Amuri, Joni Ekman & Siivet – A la Malmi;zh;null;Ala-Malmin tori 1,Helsinki,00700,
fi;Peruutettu: Cavalleria Rusticana & Pajatso;sv;Inställd: Cavalleria Rusticana & Pagliacci;en;Cancelled: Cavalleria Rusticana & Pagliacci;zh;null;Helsinginkatu 58,Helsinki,00260,
fi;Peruutettu: Cavalleria Rusticana & Pajatso;sv;Inställd: Cavalleria Rusticana & Pagliacci;en;Cancelled: Cavalleria Rusticana & Pagliacci;zh;null;Helsinginkatu 58,Helsinki,00260,
fi;Peruutettu: Cavalleria Rusticana & Pajatso;sv;Inställd: Cavalleria Rusticana & Pagliacci;en;Cancelled: Cavalleria Rusticana & Pagliacci;zh;null;Helsinginkatu 58,Helsinki,00260,
fi;Peruutettu: Cavalleria Rusticana & Pajatso;sv;Inställd: Cavalleria Rusticana & Pagliacci;en;Cancelled: Cavalleria Rusticana & Pagliacci;zh;null;Helsinginkatu 58,Helsinki,00260,
fi;Peruutettu: Cavalleria Rusticana & Pajatso;sv;Inställd: Cavalleria Rusticana & Pagliacci;en;Cancelled: Cavalleria Rusticana & Pagliacci;zh;null;Helsinginkatu 58,Helsinki,00260,
fi;Peruutettu: Cavalleria Rusticana & Pajatso;sv;Inställd: Cavalleria Rusticana & Pagliacci;en;Cancelled: Cavalleria Rusticana & Pagliacci;zh;null;Helsinginkatu 58,Helsinki,00260,
fi;Peruutettu: Cavalleria Rusticana & Pajatso;sv;Inställd: Cavalleria Rusticana & Pagliacci;en;Cancelled: Cavalleria Rusticana & Pagliacci;zh;null;Helsinginkatu 58,Helsinki,00260,
fi;Peruutettu: Cavalleria Rusticana & Pajatso;sv;Inställd: Cavalleria Rusticana & Pagliacci;en;Cancelled: Cavalleria Rusticana & Pagliacci;zh;null;Helsinginkatu 58,Helsinki,00260,
fi;Peruutettu: Cavalleria Rusticana & Pajatso;sv;Inställd: Cavalleria Rusticana & Pagliacci;en;Cancelled: Cavalleria Rusticana & Pagliacci;zh;null;Helsinginkatu 58,Helsinki,00260,
fi;Peruutettu: Cavalleria Rusticana & Pajatso;sv;Inställd: Cavalleria Rusticana & Pagliacci;en;Cancelled: Cavalleria Rusticana & Pagliacci;zh;null;Helsinginkatu 58,Helsinki,00260,
fi;Musiikkiopisto Juvenalia: Lastenkonsertti "Laulu soi" (PERUTTU);sv;null;en;null;zh;null;Soittoniekanaukio 1 A,Espoo,02600,
fi;Musiikkiopisto Juvenalia: Orkestereiden juhlaa (PERUTTU);sv;null;en;null;zh;null;Soittoniekanaukio 1 A,Espoo,02600,
fi;Musiikkiopisto Juvenalia: “O quam tristis” – Pääsiäisajan musiikkia (PERUTTU);sv;null;en;null;zh;null;Soittoniekanaukio 1 A,Espoo,02600,
fi;Mariska (LOPPUUNVARATTU);sv;null;en;null;zh;null;Soittoniekanaukio 1 A,Espoo,02600,
fi;Eva + Manu;sv;Eva + Manu;en;Eva + Manu;zh;null;Kulttuuriaukio 2,Espoo,02100,
fi;Johanna Iivanainen & Johanna Kurkela: Altamullan Road (PERUTTU);sv;Johanna Iivanainen & Johanna Kurkela: Altamullan Road (INSTÄLLD);en;Johanna Iivanainen & Johanna Kurkela: Altamullan Road (CANCELLED);zh;null;Soittoniekanaukio 1 A,Espoo,02600,
fi;Atomirotta (PERUTTU);sv;Atomirotta (INSTÄLLD);en;Atomirotta (CANCELLED);zh;null;Soittoniekanaukio 1 A,Espoo,02600,
fi;Ida Paul & Kalle Lindroth (PERUTTU);sv;Ida Paul & Kalle Lindroth (INSTÄLLD);en;Ida Paul & Kalle Lindroth (CANCELLED);zh;null;Soittoniekanaukio 1 A,Espoo,02600,
fi;Kyösti Mäkimattila: Sen kevään jälkeen (PERUTTU);sv;Kyösti Mäkimattila: Sen kevään jälkeen (INSTÄLLD);en;Kyösti Mäkimattila: Sen kevään jälkeen (CANCELLED);zh;null;Soittoniekanaukio 1 A,Espoo,02600,
fi;BEHM (Loppuunmyyty);sv;BEHM;en;BEHM (Sold Out);zh;null;Kulttuuriaukio 2,Espoo,02100,
fi;SIIRTYY: Mariska (LOPPUUNVARATTU);sv;FLYTTAS: Mariska (SLUTSÅLD);en;Mariska (SOLD OUT);zh;null;Soittoniekanaukio 1 A,Espoo,02600,
fi;Samuli Putro (SIIRTYY);sv;Samuli Putro (FLYTTAS);en;Samuli Putro (MOVED);zh;null;Soittoniekanaukio 1 A,Espoo,02600,
fi;Laura Voutilainen;sv;null;en;null;zh;null;Kulttuuriaukio 2,Espoo,02100,
fi;Louhiklubi: Knipi;sv;Louhiklubben: Knipi;en;Louhiklubi: Knipi;zh;null;Kulttuuriaukio 2,Espoo,02100,
fi;Iltapäiväkonsertti: Anna Kokkonen trio (PERUTTU);sv;null;en;null;zh;null;Kulttuuriaukio 2,Espoo,02100,
fi;SIIRRETTY | The Audience – Caisa Classequal;sv;FRAMFLYTTAD | The Audience – Caisa Classequal;en;RESCHEDULED | The Audience – Caisa Classequal;zh;null;Kaikukatu 4, Helsinki,Helsinki,00530,
fi;SIIRTYY | Yleisö – Caisa Classequal;sv;FRAMFLYTTAD | Yleisö – Caisa Classequal;en;RESCHEDULED | Yleisö – Caisa Classequal;zh;null;Kaikukatu 4, Helsinki,Helsinki,00530,
fi;SIIRTYY | Betty's Follies – Party like Gatsby;sv;FRAMFLYTTAD | Betty's Follies – Party like Gatsby;en;RESCHEDULED | Betty's Follies – Party like Gatsby;zh;null;Kaikukatu 4, Helsinki,Helsinki,00530,
fi;Sonata Arctica 25th Anniversary;sv;Sonata Arctica 25th Anniversary (FLYTTAS TILL 11.10.2021);en;Sonata Arctica 25th Anniversary;zh;null;Kulttuuriaukio 2,Espoo,02100,
fi;Diandra - Tähtien kertomaa;sv;Diandra - Tähtien kertomaa;en;Diandra - Tähtien kertomaa;zh;null;Kulttuuriaukio 2,Espoo,02100,
fi;Quintessence With Strings – KONSERTTI SIIRTYY -> su 30.5.2021;sv;Quintessence With Strings – KONSERTEN FLYTTAS -> sö 30.5.2021;en;Quintessence With Strings – CONCERT RESCHEDULED -> Sun 30.5.2021;zh;null;Kasarmikatu 46-48,Helsinki,00130,
fi;Let It Be 50v -juhlakonsertti – Jiri Nikkinen The Beatles Tribute Band;sv;Let It Be 50-års jubileumskonsert – Jiri Nikkinen The Beatles Tribute Band;en;The 50th anniversary concert Let It Be – Jiri Nikkinen The Beatles Tribute Band;zh;null;Ala-Malmin tori 1,Helsinki,00700,
fi;Quintessence With Strings – Savoy JAZZFest;sv;null;en;null;zh;null;Kasarmikatu 46-48,Helsinki,00130,
fi;Jukka Perko - Bridge Over Troubled Water – Savoy JAZZFest;sv;null;en;null;zh;null;Kasarmikatu 46-48,Helsinki,00130,
fi;Juhani Aaltonen – Strings – Savoy JAZZFest;sv;null;en;null;zh;null;Kasarmikatu 46-48,Helsinki,00130,
fi;SIIRRETTY | Let It Be 50v -juhlakonsertti – Jiri Nikkinen The Beatles Tribute Band;sv;FRAMFLYTTAD | Let It Be 50-års jubileumskonsert – Jiri Nikkinen The Beatles Tribute Band;en;RESCHEDULED | The 50th anniversary concert Let It Be – Jiri Nikkinen The Beatles Tribute Band;zh;null;Ala-Malmin tori 1,Helsinki,00700,
fi;Celine Dion;sv;null;en;Celine Dion;zh;null;Areenankuja 1,Helsinki,00240,
fi;Celine Dion;sv;null;en;Celine Dion;zh;null;Areenankuja 1,Helsinki,00240,
fi;Eläköön elämä ja TixiBand;sv;Eläköön elämä ja TixiBand;en;Eläköön elämä ja TixiBand;zh;null;Ala-Malmin tori 1,Helsinki,00700,
fi;Eläköön elämä ja TixiBand;sv;Eläköön elämä ja TixiBand;en;Eläköön elämä ja TixiBand;zh;null;Ala-Malmin tori 1,Helsinki,00700,
fi;SIIRRETTY | Eläköön elämä ja TixiBand;sv;OMPLANERAD | Eläköön elämä ja TixiBand;en;RESCHEDULED | Eläköön elämä ja TixiBand;zh;null;Ala-Malmin tori 1,Helsinki,00700,
fi;SIIRRETTY | Eläköön elämä ja TixiBand;sv;FRAMFLYTTAD | Eläköön elämä ja TixiBand;en;RESCHEDULED | Eläköön elämä ja TixiBand;zh;null;Ala-Malmin tori 1,Helsinki,00700,
fi;Edith Piaf -konsertti: Swing à Paris – Tia Cohen avec Antti Sarpila;sv;Edith Piaf-konsert: Swing à Paris – Tia Cohen avec Antti Sarpila;en;An Edith Piaf concert: Swing à Paris – Tia Cohen avec Antti Sarpila;zh;null;Ala-Malmin tori 1,Helsinki,00700,
fi;Hetkiä helmien nauha – Ritva Koskensuu ja yhtye;sv;Hetkiä helmien nauha – Ritva Koskensuu ja yhtye;en;Hetkiä helmien nauha – Ritva Koskensuu ja yhtye;zh;null;Ala-Malmin tori 1,Helsinki,00700,
fi;SIIRRETTY: Pelle Miljoona & Rockers;sv;OMPLANERAD: Pelle Miljoona & Rockers;en;RESCHEDULED: Pelle Miljoona & Rockers;zh;null;Ala-Malmin tori 1,Helsinki,00700,
fi;Räjäyttäjät, Ninni Forever Band – A la Malmi;sv;Räjäyttäjät, Ninni Forever Band – A la Malmi;en;Räjäyttäjät, Ninni Forever Band – A la Malmi;zh;null;Ala-Malmin tori 1,Helsinki,00700,
fi;Juvenalia Big Band 10 vuotta;sv;null;en;null;zh;null;Soittoniekanaukio 1 A,Espoo,02600,
fi;Drink Floyd: Wish You Were Beer;sv;Drink Floyd: Wish You Were Beer;en;Drink Floyd: Wish You Were Beer;zh;null;Ala-Malmin tori 1,Helsinki,00700,
fi;SIIRRETTY | Drink Floyd: Wish You Were Beer;sv;FRAMFLYTTAD | Drink Floyd: Wish You Were Beer;en;RESCHEDULED | Drink Floyd: Wish You Were Beer;zh;null;Ala-Malmin tori 1,Helsinki,00700,
fi;Haloo Helsinki!;sv;null;en;Haloo Helsinki!;zh;null;Paavo Nurmen tie 1,Helsinki,00250,
fi;Antti Tuisku;sv;null;en;Antti Tuisku;zh;null;Paavo Nurmen tie 1,Helsinki,00250,
fi;Maailma kylässä -festivaali 2021;sv;Festivalen Världen i en by 2021;en;World Village Festival 2021;zh;2021世界村庄节;Kaasutehtaankatu 1,Helsinki,00580,
fi;Sideways 2021;sv;null;en;Sideways 2021;zh;null;Nordenskiöldinkatu 11-13,Helsinki,00250,
fi;Einstürzende Neubauten;sv;null;en;Einstürzende Neubauten;zh;null;Sturenkatu 4,Helsinki,00510,
fi;Suvi Teräsniska - Ihmisen poika (SIIRTYY);sv;Suvi Teräsniska - Ihmisen poika (FLYTTAS);en;Suvi Teräsniska - Ihmisen poika (RESCHEDULED);zh;null;Kulttuuriaukio 2,Espoo,02100,
fi;Tapiola Sinfonietta: Hetkiä V – Ystävyyden säveliä (VERKKOKONSERTTI);sv;Tapiola Sinfonietta: Stunder V – Vänskapens toner (WEBBKONSERT);en;Tapiola Sinfonietta: Moments V – Tunes of friendship (VIRTUAL CONCERT);zh;null;Soittoniekanaukio 1 A,Espoo,02600,
fi;Easy The Eagles Tribute Band;sv;null;en;Easy The Eagles Tribute Band;zh;null;Bulevardi 27,Helsinki,00180,
fi;Erja Lyytinen;sv;null;en;Erja Lyytinen;zh;null;Bulevardi 27,Helsinki,00180,
fi;Siirtyy: Erja Lyytinen;sv;null;en;Transferred: Erja Lyytinen;zh;null;Bulevardi 27,Helsinki,00180,
fi;Siirtyy: Erja Lyytinen;sv;null;en;Transferred: Erja Lyytinen;zh;null;Bulevardi 27,Helsinki,00180,
fi;Siirtyy: Erja Lyytinen;sv;null;en;Transferred: Erja Lyytinen;zh;null;Bulevardi 27,Helsinki,00180,
fi;Akhnaten;sv;null;en;Akhnaten;zh;null;Bulevardi 27,Helsinki,00180,
fi;Akhnaten;sv;null;en;Akhnaten;zh;null;Bulevardi 27,Helsinki,00180,
fi;Akhnaten;sv;null;en;Akhnaten;zh;null;Bulevardi 27,Helsinki,00180,
fi;Siirtyy: Akhnaten;sv;null;en;Transferred: Akhnaten;zh;null;Bulevardi 27,Helsinki,00180,
fi;Robin Rekku & Jekkuorkesteri;sv;null;en;Robin the Dog and his Happy Orchestra (in Finnish);zh;null;Kannusillankatu 4,Espoon kaupunki,02770,
fi;Anna Eriksson - Jos mulla olisi sydän;sv;Anna Eriksson - Om jag hade ett hjärta;en;Anna Eriksson - If I Had a Heart;zh;null;Kasarmikatu 46-48,Helsinki,00130,
fi;Anna Eriksson - Jos mulla olisi sydän – KONSERTTI SIIRTYY -> su 7.11.2021;sv;Anna Eriksson - Om jag hade ett hjärta – KONSERTEN FLYTTAS -> sö 7.11.2021;en;Anna Eriksson - If I Had a Heart – CONCERT RESCHEDULED -> Sun 7.11.2021;zh;null;Kasarmikatu 46-48,Helsinki,00130,
fi;Jarmon saarella 52 v. – Kevään 2022 säkenöivin gaalakonsertti;sv;Jarmo Saari 52 år;en;Jarmo Saari 52 years;zh;null;Kasarmikatu 46-48,Helsinki,00130,
fi;Lailan tähtihetket – Musiikkinäytelmä Laila Kinnusen elämästä;sv;Lailan tähtihetket – Musiikkinäytelmä Laila Kinnusen elämästä;en;Lailan tähtihetket – Musiikkinäytelmä Laila Kinnusen elämästä;zh;null;Ala-Malmin tori 1,Helsinki,00700,
fi;SIIRRETTY | Lailan tähtihetket – Musiikkinäytelmä Laila Kinnusen elämästä;sv;FRAMFLYTTAD | Lailan tähtihetket – Musiikkinäytelmä Laila Kinnusen elämästä;en;RESCHEDULED | Lailan tähtihetket – Musiikkinäytelmä Laila Kinnusen elämästä;zh;null;Ala-Malmin tori 1,Helsinki,00700,
fi;Jarmon saarella 51 v. – KONSERTTI SIIRTYY -> la 19.3.2022;sv;Jarmo Saari 51 år – KONSERTEN FLYTTAS -> lö 19.3.2022;en;Jarmo Saari 51 years – CONCERT RESCHEDULED -> Sat 19.3.2022;zh;null;Kasarmikatu 46-48,Helsinki,00130,
fi;Aamun musiikkihetki;sv;null;en;null;zh;null;Pyhätunturintie 2,Helsinki,00970,
fi;Aamun musiikkihetki;sv;null;en;null;zh;null;Pyhätunturintie 2,Helsinki,00970,
fi;Aamun musiikkihetki;sv;null;en;null;zh;null;Pyhätunturintie 2,Helsinki,00970,
fi;Aamun musiikkihetki;sv;null;en;null;zh;null;Pyhätunturintie 2,Helsinki,00970,
fi;Aamun musiikkihetki;sv;null;en;null;zh;null;Pyhätunturintie 2,Helsinki,00970,
fi;Aamun musiikkihetki;sv;null;en;null;zh;null;Pyhätunturintie 2,Helsinki,00970,
fi;Aamun musiikkihetki;sv;null;en;null;zh;null;Pyhätunturintie 2,Helsinki,00970,
fi;Aamun musiikkihetki;sv;null;en;null;zh;null;Pyhätunturintie 2,Helsinki,00970,
fi;Aamun musiikkihetki;sv;null;en;null;zh;null;Pyhätunturintie 2,Helsinki,00970,
fi;Aamun musiikkihetki;sv;null;en;null;zh;null;Pyhätunturintie 2,Helsinki,00970,
fi;Aamun musiikkihetki;sv;null;en;null;zh;null;Pyhätunturintie 2,Helsinki,00970,
fi;Aamun musiikkihetki;sv;null;en;null;zh;null;Pyhätunturintie 2,Helsinki,00970,
fi;Aamun musiikkihetki;sv;null;en;null;zh;null;Pyhätunturintie 2,Helsinki,00970,
fi;Aamun musiikkihetki;sv;null;en;null;zh;null;Pyhätunturintie 2,Helsinki,00970,
fi;Tommy Emmanuel ;sv;null;en;Tommy Emmanuel ;zh;null;Sturenkatu 4,Helsinki,00510,
fi;Maaginen Kalevala – KLAPS Klassista lapsille ry;sv;Maaginen Kalevala – KLAPS Klassista lapsille ry;en;Maaginen Kalevala – KLAPS Klassista lapsille ry;zh;null;Ala-Malmin tori 1,Helsinki,00700,
fi;Kaupungin Paras Kabaree & Kluden Bingo;sv;Kaupungin Paras Kabaree & Kluden Bingo;en;Kaupungin Paras Kabaree & Kluden Bingo;zh;null;Ala-Malmin tori 1,Helsinki,00700,
fi;SIIRRETTY | Kaupungin Paras Kabaree & Kluden Bingo;sv;FRAMFLYTTAD | Kaupungin Paras Kabaree & Kluden Bingo;en;RESCHEDULED | Kaupungin Paras Kabaree & Kluden Bingo;zh;null;Ala-Malmin tori 1,Helsinki,00700,
fi;Suistamon Sähkö – A la Malmi;sv;Suistamon Sähkö – A la Malmi;en;Suistamon Sähkö – A la Malmi;zh;null;Ala-Malmin tori 1,Helsinki,00700,
fi;Helsinki CoreFest;sv;null;en;null;zh;null;Sörnäisten rantatie 22 / Kaasutehtaankatu 1,Helsinki,00540,
fi;The Elvis Concert;sv;The Elvis Concert;en;The Elvis Concert;zh;null;Soittoniekanaukio 1 A,Espoo,02600,
fi;Dave Lindholm Lights;sv;Dave Lindholm Lights;en;Dave Lindholm Lights;zh;null;Soittoniekanaukio 1 A,Espoo,02600,
fi;Legendojen ilta – Eino Grön, Lea Laven, Sofia Arasola;sv;null;en;null;zh;null;Kasarmikatu 46-48,Helsinki,00130,
fi;SIIRRETTY | Edith Piaf -konsertti: Swing à Paris – Tia Cohen avec Antti Sarpila;sv;FRAMFLYTTAD | Edith Piaf-konsert: Swing à Paris – Tia Cohen avec Antti Sarpila;en;RESCHEDULED | An Edith Piaf concert: Swing à Paris – Tia Cohen avec Antti Sarpila;zh;null;Ala-Malmin tori 1,Helsinki,00700,
fi;Frank Gambale – All Star Band;sv;Frank Gambale – All Star Band;en;Frank Gambale – All Star Band;zh;null;Soittoniekanaukio 1 A,Espoo,02600,
fi;Tuure Kilpeläinen & Kaihon Karavaani: Paluu paratiisiin 2022;sv;11.3.2022 Tuure Kilpeläinen & Kaihon Karavaani: Paluu paratiisiin 2022;en;11.3.2022 Tuure Kilpeläinen & Kaihon Karavaani: Paluu paratiisiin 2022;zh;null;Soittoniekanaukio 1 A,Espoo,02600,
fi;Tuure Kilpeläinen & Kaihon Karavaani: Paluu paratiisiin 2022;sv;Tuure Kilpeläinen & Kaihon Karavaani: Paluu paratiisiin 2022;en;Tuure Kilpeläinen & Kaihon Karavaani: Paluu paratiisiin 2022;zh;null;Soittoniekanaukio 1 A,Espoo,02600,
fi;Bill Frisell Trio (US);sv;null;en;null;zh;null;Soittoniekanaukio 1 A,Espoo,02600,
fi;SIIRTYY: Tuure Kilpeläinen & Kaihon Karavaani: Paluu paratiisiin 2021;sv;FLYTTAS: Tuure Kilpeläinen & Kaihon Karavaani: Paluu paratiisiin 2021 (SLUTSÅLD);en;MOVED: Tuure Kilpeläinen & Kaihon Karavaani: Paluu paratiisiin 2021 (SOLD OUT);zh;null;Soittoniekanaukio 1 A,Espoo,02600,
fi;Veronica Swift (USA) & UMO Helsinki Jazz Orchestra – KONSERTTI ON PERUTTU;sv;Veronica Swift (USA) & UMO Helsinki Jazz Orchestra – KONCERT AVBRYTT;en;Veronica Swift (USA) & UMO Helsinki Jazz Orchestra – CONCERT CANCELLED;zh;null;Kasarmikatu 46-48,Helsinki,00130,
fi;Tuure Kilpeläinen ja Kaihon Karavaani: Paluu paratiisiin 2022 – Lipunmyynti alkaa ma 15.3.2021.;sv;Tuure Kilpeläinen ja Kaihon Karavaani: Paluu paratiisiin 2022;en;Tuure Kilpeläinen ja Kaihon Karavaani: Paluu paratiisiin 2022;zh;null;Kasarmikatu 46-48,Helsinki,00130,
fi;Tuure Kilpeläinen ja Kaihon Karavaani: Paluu paratiisiin 2022 – Lipunmyynti alkaa ma 15.3.2021.;sv;Tuure Kilpeläinen ja Kaihon Karavaani: Paluu paratiisiin 2022;en;Tuure Kilpeläinen ja Kaihon Karavaani: Paluu paratiisiin 2022;zh;null;Kasarmikatu 46-48,Helsinki,00130,
fi;Tuure Kilpeläinen ja Kaihon Karavaani: Paluu paratiisiin 2021 – KONSERTTI SIIRTYY -> pe 22.4.2022;sv;Tuure Kilpeläinen och Kaihon Karavaani, Paratiisi 2020 – KONSERTEN FLYTTAS -> fr 22.4.2022;en;Tuure Kilpeläinen and Kaihon Karavaani, Paratiisi 2020 – CONCERT RESCHEDULED -> Fri 22.4.2022;zh;null;Kasarmikatu 46-48,Helsinki,00130,
fi;Tuure Kilpeläinen ja Kaihon Karavaani: Paluu paratiisiin 2021 – KONSERTTI SIIRTYY -> to 21.4.2022;sv;Tuure Kilpeläinen och Kaihon Karavaani Paratiisi 2020 – KONSERTEN FLYTTAS -> to 21.4.2022;en;Tuure Kilpeläinen and Kaihon Karavaani Paratiisi 2020 – CONCERT RESCHEDULED -> Thu 21.4.2022;zh;null;Kasarmikatu 46-48,Helsinki,00130,
fi;Sonata Arctica 25th Anniversary;sv;null;en;null;zh;null;Kulttuuriaukio 2,Espoo,02100,
fi;The Weeknd;sv;null;en;The Weeknd;zh;null;Areenakuja 1,Helsinki,00240,
fi;SIIRTYY: Tuure Kilpeläinen & Kaihon Karavaani: Paluu paratiisiin;sv;FLYTTAS: Tuure Kilpeläinen & Kaihon Karavaani: Paluu paratiisiin 2021;en;MOVED: Tuure Kilpeläinen & Kaihon Karavaani: Paluu paratiisiin 2021;zh;null;Soittoniekanaukio 1 A,Espoo,02600,
fi;Pohjoinen Klubi: Maunula Elektronik IV;sv;Pohjoinen Klubi: Maunula Elektronik IV;en;Pohjoinen Klubi: Maunula Elektronik IV;zh;null;Metsäpurontie 4,Helsinki,00630,
fi;Pohjoinen klubi: Hiphop Maunula;sv;Pohjoinen klubi: Hiphop Maunula;en;Pohjoinen klubi: Hiphop Maunula;zh;null;Metsäpurontie 4,Helsinki,00630,
fi;Kjell Westö: Tritonus;sv;Kjell Westö: Tritonus;en;Kjell Westö: Tritonus;zh;null;Kasarmikatu 46-48,Helsinki,00130,
fi;QueQueQue: Johanna Juhola: Imaginary Friends;sv;QueQueQue: Johanna Juhola: Imaginary Friends;en;QueQueQue: Johanna Juhola: Imaginary Friends;zh;null;Soittoniekanaukio 1 A,Espoo,02600,
fi;Iltapäiväkonsertti: La Bonne Chanson - matka 1890-luvun Ranskaan;sv;Eftermiddagskonsert: La Bonne Chanson;en;Afternoon concert: La Bonne Chanson;zh;null;Soittoniekanaukio 1 A,Espoo,02600,
fi;Lasten lauantai: Siina & Taikaradio: Laulubussi matkustaa;sv;null;en;null;zh;null;Soittoniekanaukio 1 A,Espoo,02600,
fi;Siirtyy: Ghost of Bruce Springsteen & E Street Band;sv;null;en;Transferred: Ghost of Bruce Springsteen & E Street Band;zh;null;Yrjönkatu 3,Helsinki,00120,
fi;Siirtyy: Gàjanas;sv;null;en;Transferred: Gàjanas;zh;null;Yrjönkatu 3,Helsinki,00120,
fi;P-Floyd (SWE) – Coming Back To Life Tour 2021;sv;P-Floyd (SWE) – Coming Back To Life Tour 2021;en;P-Floyd (SWE) – Coming Back To Life Tour 2021;zh;null;Kasarmikatu 46-48,Helsinki,00130,
fi;Vasara ja Nauloja -musikaali;sv;Vasara ja Nauloja -musikal;en;Vasara ja Nauloja -musical;zh;null;Soittoniekanaukio 1 A,Espoo,02600,
fi;Nothing But Thieves;sv;null;en;Nothing But Thieves;zh;null;Henry Fordin katu 6,Helsinki,00150,
fi;Nothing But Thieves;sv;null;en;Nothing But Thieves;zh;null;Henry Fordin katu 6,Helsinki,00150,
fi;Nothing But Thieves;sv;null;en;Nothing But Thieves;zh;null;Henry Fordin katu 6,Helsinki,00150,
fi;Sinitakkien säveliä;sv;Blårockarnas melodier;en;Bluejacket Tunes;zh;null;Suomenlinna C 74,Helsinki,00190,
fi;Metal Export;sv;Metal Export;en;Metal Export;zh;null;Fredikanterassi 5,Helsinki,00520,
fi;Kelavala;sv;Kelavala;en;Kelavala;zh;null;Metsäpurontie 4,Helsinki,00630,
fi;The Elvis Concert 2021;sv;The Elvis Concert 2021;en;The Elvis Concert 2021;zh;null;Kasarmikatu 46-48,Helsinki,00130,
fi;The Elvis Concert 2021 – KONSERTTI SIIRTYY -> pe 22.10.2021;sv;The Elvis Concert 2021 – KONSERTEN FLYTTAS -> fr 22.10.2021;en;The Elvis Concert 2021 – CONCERT RESCHEDULED -> Fri 22.10.2021;zh;null;Kasarmikatu 46-48,Helsinki,00130,
fi;Italienisches Liederbuch – Laulukirja italialaisittain;sv;Italienisches Liederbuch – En italiensk sångbok;en;Italienisches Liederbuch – An Italian songbook;zh;null;Soittoniekanaukio 1 A,Espoo,02600,
fi;Italienisches Liederbuch – Laulukirja italialaisittain (SIIRTYY 31.8.2021);sv;Italienisches Liederbuch – En italiensk sångbok (FLYTTAS TILL 31.08.2021);en;Italienisches Liederbuch – An Italian songbook (MOVED TO 31.8.2021);zh;null;Soittoniekanaukio 1 A,Espoo,02600,
fi;Peruutettu: Harmo ja minä;sv;null;en;null;zh;null;Erottajankatu 5,Helsinki,00130,
fi;Peruutettu: Harmo ja minä;sv;null;en;null;zh;null;Erottajankatu 5,Helsinki,00130,
fi;Peruutettu: Harmo ja minä;sv;null;en;null;zh;null;Erottajankatu 5,Helsinki,00130,
fi;Siirtyy: Siegfried;sv;Förflyttas: Siegfried;en; Transferred: Siegfried;zh;null;Helsinginkatu 58,Helsinki,00260,
fi; Siirtyy: Siegfried;sv; Förflyttas: Siegfried;en; Transferred: Siegfried;zh;null;Helsinginkatu 58,Helsinki,00260,
fi; Siirtyy: Siegfried;sv; Förflyttas: Siegfried;en;Transferred:  Siegfried;zh;null;Helsinginkatu 58,Helsinki,00260,
fi; Siirtyy: Siegfried;sv; Förflyttas: Siegfried;en; Transferred: Siegfried;zh;null;Helsinginkatu 58,Helsinki,00260,
fi; Siirtyy: Siegfried;sv; Förflyttas: Siegfried;en; Transferred: Siegfried;zh;null;Helsinginkatu 58,Helsinki,00260,
fi; Siirtyy: Siegfried;sv;Förflyttas:  Siegfried;en; Transferred: Siegfried;zh;null;Helsinginkatu 58,Helsinki,00260,
fi;Tuska Festival 2021;sv;Tuska Festival 2021;en;Tuska Festival 2021;zh;“痛苦”（Tuska）重金属音乐节2021;Kaasutehtaankatu 1,Helsinki,00580,
fi;Tisdagsmatiné: Sjung sorgen! – Carita Holmström ja Martina Roos;sv;Tisdagsmatiné: Sjung sorgen! – Carita Holmström och Martina Roos;en;Tisdagsmatiné: Sjung sorgen! – Carita Holmström and Martina Roos;zh;null;Mosaiikkitori 2,Helsinki,00980,
fi;UMO Helsinki Jazz Orchestra: Silent Music;sv;null;en;UMO Helsinki Jazz Orchestra: Silent Music;zh;null;Tehtaankatu 23,Helsinki,00150,
fi;Riitta Paakki Quartet – Jazz'n'Jam;sv;Riitta Paakki Quartet – Jazz'n'Jam;en;Riitta Paakki Quartet – Jazz'n'Jam;zh;null;Ala-Malmin tori 1,Helsinki,00700,
fi;Weekend Festival 2021;sv;null;en;Weekend Festival 2021;zh;周末节2021;Mäkelänkatu 72,Helsinki,00520,
fi;"Still Got The Blues" – Gary Moore Tribuutti – Antti Kajander & The Spanish Castle;sv;"Still Got The Blues" – Tribut till Gary Moore – Antti Kajander & The Spanish Castle;en;"Still Got The Blues" – A Gary Moore tribute – Antti Kajander & The Spanish Castle;zh;null;Ala-Malmin tori 1,Helsinki,00700,
fi;Sydänyön Rytmi & Knucklebone Oscar band – Voimauttavaa bluesia VOL 3;sv;Sydänyön Rytmi & Knucklebone Oscar band – Voimauttavaa bluesia VOL 3;en;Sydänyön Rytmi & Knucklebone Oscar band – Voimauttavaa bluesia VOL 3;zh;null;Ala-Malmin tori 1,Helsinki,00700,
fi;SIIRRETTY | Sydänyön Rytmi & Knucklebone Oscar band – Voimauttavaa bluesia VOL 3;sv;FRAMFLYTTAD | Sydänyön Rytmi & Knucklebone Oscar band – Voimauttavaa bluesia VOL 3;en;RESCHEDULED | Sydänyön Rytmi & Knucklebone Oscar band – Voimauttavaa bluesia VOL 3;zh;null;Ala-Malmin tori 1,Helsinki,00700,
fi;SIIRRETTY | "Still Got The Blues" – Gary Moore Tribuutti – Antti Kajander & The Spanish Castle;sv;FRAMFLYTTAD | "Still Got The Blues" – Tribut till Gary Moore – Antti Kajander & The Spanish Castle;en;RESCHEDULED | "Still Got The Blues" – A Gary Moore tribute – Antti Kajander & The Spanish Castle;zh;null;Ala-Malmin tori 1,Helsinki,00700,
fi;SIIRRETTY: VYSOTSKI FEST International 2021;sv;FRAMFLYTTAD: VYSOTSKI FEST International 2021;en;RESCHEDULED: VYSOTSKI FEST International 2021;zh;null;Ala-Malmin tori 1,Helsinki,00700,
fi;EASY The Eagles Tribute Band;sv;EASY The Eagles Tribute Band;en;EASY The Eagles Tribute Band;zh;null;Klaneettitie 5,Helsinki,00420,
fi;Kaartin soittokunta;sv;null;en;The Guards Band;zh;null;Ruohonlahdentori 6,Helsinki,00180,
fi;Karamzinin kahvihetki: Saariston säveliä;sv;null;en;null;zh;null;Järvenperäntie 1-3,Espoo,02940,
fi;Kelavala;sv;null;en;null;zh;null;Metsäpurontie 4,Helsinki,00630,
fi;Kelavala;sv;null;en;null;zh;null;Metsäpurontie 4,Helsinki,00630,
fi;6 Feet Underground;sv;6 Feet Underground;en;null;zh;null;Kannusillankatu 4,Espoon kaupunki,02770,
fi;Linea Aspera ;sv;null;en;Linea Aspera ;zh;null;Hämeentie 13 (sisäänkäynti Kaikukatu 4),Helsinki,00530,
fi; Siirtyy: Siegfried;sv; Förflyttas: Siegfried;en; Transferred: Siegfried;zh;null;Helsinginkatu 58,Helsinki,00260,
fi;Café Barock: Vanhan musiikin uudet toivot - lounaskonsertti Kirjatornissa;sv;null;en;null;zh;null;Rikhardinkatu 3,Helsinki,00130,
fi;Café Barock: Vanhan musiikin uudet toivot - lounaskonsertti Kirjatornissa;sv;null;en;null;zh;null;Rikhardinkatu 3,Helsinki,00130,
fi;Samantha Fish;sv;null;en;Samantha Fish;zh;null;Sturenkatu 4,Helsinki,00510,
fi;Improvision Song Contest – Klubb Ankdamm med Teater Stjärnfall;sv;Improvision Song Contest – Klubb Ankdamm med Teater Stjärnfall;en;Improvision Song Contest – Klubb Ankdamm med Teater Stjärnfall;zh;null;Mosaiikkitori 2,Helsinki,00980,
fi;We Will Rock You;sv;null;en;We Will Rock You;zh;null;Nordenskiöldinkatu 11-13,Helsinki,00250,
fi;Musiikkinäytelmä Unto Mononen;sv;Musiikkinäytelmä Unto Mononen;en;Musiikkinäytelmä Unto Mononen;zh;null;Ala-Malmin tori 1,Helsinki,00700,
fi;Musiikkinäytelmä Unto Mononen;sv;Musiikkinäytelmä Unto Mononen;en;Musiikkinäytelmä Unto Mononen;zh;null;Ala-Malmin tori 1,Helsinki,00700,
fi;Elvis Presley -tribuutti!;sv;Elvis Presley -tribuutti!;en;Elvis Presley -tribuutti!;zh;null;Ala-Malmin tori 1,Helsinki,00700,
fi;SIIRRETTY: Lea Laven yhtyeineen;sv;OMPLANERAD: Lea Laven och hennes band;en;RESCHEDULED: Lea Laven and her band;zh;null;Ala-Malmin tori 1,Helsinki,00700,
fi;Miljardin sekunnin bassosoolo – Sebastian Dumitrescu;sv;Ett bassolo på en miljarddels sekund – Sebastian Dumitrescu;en;Billion second bass solo – Sebastian Dumitrescu;zh;null;Ala-Malmin tori 1,Helsinki,00700,
fi;Possibilities;sv;null;en;Possibilities;zh;null;Erottajankatu 5,Helsinki,00130,
fi;Possibilities;sv;null;en;Possibilities;zh;null;Erottajankatu 5,Helsinki,00130,
fi;Possibilities;sv;null;en;Possibilities;zh;null;Erottajankatu 5,Helsinki,00130,
fi;Ladies First Big Band goes ABBA;sv;Ladies First Big Band goes ABBA;en;Ladies First Big Band goes ABBA;zh;null;Ala-Malmin tori 1,Helsinki,00700,
fi;Karamzinin kahvihetki: Tapiola Brass - Elokuvamusiikkia;sv;null;en;null;zh;null;Järvenperäntie 1-3,Espoo,02940,
fi;Karamzinin kahvihetki: Konsertti - Kevään ensi kukkaset;sv;null;en;null;zh;null;Järvenperäntie 1-3,Espoo,02940,
fi;Turandot;sv;Turandot;en;Turandot;zh;null;Bulevardi 27,Helsinki,00180,
fi;Turandot;sv;Turandot;en;Turandot;zh;null;Bulevardi 27,Helsinki,00180,
fi;Turandot;sv;Turandot;en;Turandot;zh;null;Bulevardi 27,Helsinki,00180,
fi;Döbeln;sv;Döbeln;en;Döbeln;zh;null;Bulevardi 27,Helsinki,00180,
fi;Döbeln;sv;Döbeln;en;Döbeln;zh;null;Bulevardi 27,Helsinki,00180,
fi;Döbeln;sv;Döbeln;en;Döbeln;zh;null;Bulevardi 27,Helsinki,00180,
fi;Döbeln;sv;Döbeln;en;Döbeln;zh;null;Bulevardi 27,Helsinki,00180,
fi;A Chorus Line ;sv;null;en;A Chorus Line ;zh;null;Bulevardi 27,Helsinki,00180,
fi;A Chorus Line ;sv;null;en;A Chorus Line ;zh;null;Bulevardi 27,Helsinki,00180,
fi;A Chorus Line ;sv;null;en;A Chorus Line ;zh;null;Bulevardi 27,Helsinki,00180,
fi;A Chorus Line ;sv;null;en;A Chorus Line ;zh;null;Bulevardi 27,Helsinki,00180,
fi;A Chorus Line ;sv;null;en;A Chorus Line ;zh;null;Bulevardi 27,Helsinki,00180,
fi;A Chorus Line ;sv;null;en;A Chorus Line ;zh;null;Bulevardi 27,Helsinki,00180,
fi;A Chorus Line ;sv;null;en;A Chorus Line ;zh;null;Bulevardi 27,Helsinki,00180,
fi;A Chorus Line ;sv;null;en;A Chorus Line ;zh;null;Bulevardi 27,Helsinki,00180,
fi;A Chorus Line ;sv;null;en;A Chorus Line ;zh;null;Bulevardi 27,Helsinki,00180,
fi;A Chorus Line ;sv;null;en;A Chorus Line ;zh;null;Bulevardi 27,Helsinki,00180,
fi;A Chorus Line ;sv;null;en;A Chorus Line ;zh;null;Bulevardi 27,Helsinki,00180,
fi;Hôtel Paris;sv;null;en;Hôtel Paris;zh;null;Bulevardi 27,Helsinki,00180,
fi;Edu Kettunen;sv;null;en;Edu Kettunen;zh;null;Bulevardi 27,Helsinki,00180,
fi;Eva Vikman & Premium Jazz Experience – Jazzia svengaten;sv;Eva Vikman & Premium Jazz Experience;en;Eva Vikman & Premium Jazz Experience;zh;null;Ala-Malmin tori 1,Helsinki,00700,
fi;The Sound of Music – Opera Tellus;sv;The Sound of Music – Opera Tellus;en;The Sound of Music – Opera Tellus;zh;null;Klaneettitie 5,Helsinki,00420,
fi;The Sound of Music – Opera Tellus;sv;The Sound of Music – Opera Tellus;en;The Sound of Music – Opera Tellus;zh;null;Klaneettitie 5,Helsinki,00420,
fi;The Sound of Music – Opera Tellus;sv;The Sound of Music – Opera Tellus;en;The Sound of Music – Opera Tellus;zh;null;Klaneettitie 5,Helsinki,00420,
fi;The Sound of Music – Opera Tellus;sv;The Sound of Music – Opera Tellus;en;The Sound of Music – Opera Tellus;zh;null;Klaneettitie 5,Helsinki,00420,
fi;The Sound of Music | ENSI-ILTA II – Opera Tellus;sv;The Sound of Music | PREMIÄR II – Opera Tellus;en;The Sound of Music | PREMIERE II – Opera Tellus;zh;null;Klaneettitie 5,Helsinki,00420,
fi;The Sound of Music | ENSI-ILTA I – Opera Tellus;sv;The Sound of Music | PREMIÄR I – Opera Tellus;en;The Sound of Music | PREMIERE I – Opera Tellus;zh;null;Klaneettitie 5,Helsinki,00420,
fi;Helsinki-Cotonou Ensemble;sv;Helsinki-Cotonou Ensemble;en;Helsinki-Cotonou Ensemble;zh;null;Soittoniekanaukio 1 A,Espoo,02600,
fi;Musiikkiopisto Juvenalia: Juvenalia-kuoron kevätkonsertti;sv;null;en;null;zh;null;Soittoniekanaukio 1 A,Espoo,02600,
fi;Musiikkiopisto Juvenalia & Espoon musiikkiopisto: Kitarayhtyeet lavalla;sv;null;en;null;zh;null;Soittoniekanaukio 1 A,Espoo,02600,
fi;Musiikkiopisto Juvenalia: Jousiorkestereiden ilta;sv;null;en;null;zh;null;Soittoniekanaukio 1 A,Espoo,02600,
fi;Ernubileet (Live & Stream);sv;null;en;Ernubileet (Live & Stream);zh;null;Sörnäisten rantatie 22 / Kaasutehtaankatu 1,Helsinki,00540,
fi;Ukulele alkeiden jatkoryhmä (etänä);sv;null;en;Ukulele Intermediate Group (Online);zh;null;Leppävaarankatu 9,Espoo,02600,
fi;Ukulele edistyneiden ryhmä (etänä);sv;null;en;Ukulele Advanced Group (online);zh;null;Suomenlahdentie 1,Espoo,02230,
fi;Ukulele alkeiden jatkoryhmä (etänä);sv;null;en;Ukulele Intermediate Group (Online);zh;null;Leppävaarankatu 9,Espoo,02600,
fi;Ukulele edistyneiden ryhmä (etänä);sv;null;en;Ukulele Advanced Group (online);zh;null;Suomenlahdentie 1,Espoo,02230,
fi;Ukulele alkeiden jatkoryhmä (etänä);sv;null;en;Ukulele Intermediate Group (Online);zh;null;Leppävaarankatu 9,Espoo,02600,
fi;Ukulele edistyneiden ryhmä (etänä);sv;null;en;Ukulele Advanced Group (online);zh;null;Suomenlahdentie 1,Espoo,02230,
fi;Ukulele alkeiden jatkoryhmä (etänä);sv;null;en;Ukulele Intermediate Group (Online);zh;null;Leppävaarankatu 9,Espoo,02600,
fi;Ukulele edistyneiden ryhmä (etänä);sv;null;en;Ukulele Advanced Group (online);zh;null;Suomenlahdentie 1,Espoo,02230,
fi;Ukulele alkeiden jatkoryhmä (etänä);sv;null;en;Ukulele Intermediate Group (Online);zh;null;Leppävaarankatu 9,Espoo,02600,
fi;Ukulele edistyneiden ryhmä (etänä);sv;null;en;Ukulele Advanced Group (online);zh;null;Suomenlahdentie 1,Espoo,02230,
fi;Ukulele alkeiden jatkoryhmä (etänä);sv;null;en;Ukulele Intermediate Group (Online);zh;null;Leppävaarankatu 9,Espoo,02600,
fi;Ukulele edistyneiden ryhmä (etänä);sv;null;en;Ukulele Advanced Group (online);zh;null;Suomenlahdentie 1,Espoo,02230,
fi;Ukulele alkeiden jatkoryhmä (etänä);sv;null;en;Ukulele Intermediate Group (Online);zh;null;Leppävaarankatu 9,Espoo,02600,
fi;Ukulele edistyneiden ryhmä (etänä);sv;null;en;Ukulele Advanced Group (online);zh;null;Suomenlahdentie 1,Espoo,02230,
fi;Ukulele alkeiden jatkoryhmä (etänä);sv;null;en;Ukulele Intermediate Group (Online);zh;null;Leppävaarankatu 9,Espoo,02600,
fi;Ukulele edistyneiden ryhmä (etänä);sv;null;en;Ukulele Advanced Group (online);zh;null;Suomenlahdentie 1,Espoo,02230,
fi;Ukulele alkeiden jatkoryhmä (etänä);sv;null;en;Ukulele Intermediate Group (Online);zh;null;Leppävaarankatu 9,Espoo,02600,
fi;Ukulele edistyneiden ryhmä (etänä);sv;null;en;Ukulele Advanced Group (online);zh;null;Suomenlahdentie 1,Espoo,02230,
fi;Ukulele alkeiden jatkoryhmä (etänä);sv;null;en;Ukulele Intermediate Group (Online);zh;null;Leppävaarankatu 9,Espoo,02600,
fi;Ukulele alkeiden jatkoryhmä (etänä);sv;null;en;Ukulele Intermediate Group (Online);zh;null;Leppävaarankatu 9,Espoo,02600,
fi;Ukulele edistyneiden ryhmä (etänä);sv;null;en;Ukulele Advanced Group (online);zh;null;Suomenlahdentie 1,Espoo,02230,
fi;Ukulele alkeiden jatkoryhmä (etänä);sv;null;en;Ukulele Intermediate Group (Online);zh;null;Leppävaarankatu 9,Espoo,02600,
fi;Ukulele edistyneiden ryhmä (etänä);sv;null;en;Ukulele Advanced Group (online);zh;null;Suomenlahdentie 1,Espoo,02230,
fi;Ukulele alkeiden jatkoryhmä (etänä);sv;null;en;Ukulele Intermediate Group (Online);zh;null;Leppävaarankatu 9,Espoo,02600,
fi;Ukulele edistyneiden ryhmä (etänä);sv;null;en;Ukulele Advanced Group (online);zh;null;Suomenlahdentie 1,Espoo,02230,
fi;Mary Poppins - Maija Poppanen;sv;Mary Poppins;en;Mary Poppins;zh;null;Pohjoisesplanadi 2,Helsinki,00130,
fi;SIIRRETTY The Sound of Music – Opera Tellus;sv;FRAMFLYTTAD The Sound of Music – Opera Tellus;en;RESCHEDULED The Sound of Music – Opera Tellus;zh;null;Klaneettitie 5,Helsinki,00420,
fi;SIIRRETTY The Sound of Music – Opera Tellus;sv;FRAMFLYTTAD The Sound of Music – Opera Tellus;en;RESCHEDULED The Sound of Music – Opera Tellus;zh;null;Klaneettitie 5,Helsinki,00420,
fi;SIIRRETTY The Sound of Music – Opera Tellus;sv;FRAMFLYTTAD The Sound of Music – Opera Tellus;en;RESCHEDULED The Sound of Music – Opera Tellus;zh;null;Klaneettitie 5,Helsinki,00420,
fi;SIIRRETTY The Sound of Music – Opera Tellus;sv;FRAMFLYTTAD The Sound of Music – Opera Tellus;en;RESCHEDULED The Sound of Music – Opera Tellus;zh;null;Klaneettitie 5,Helsinki,00420,
fi;SIIRRETTY The Sound of Music - Ensi-ilta II – Opera Tellus;sv;FRAMFLYTTAD The Sound of Music - Premiär II – Opera Tellus;en;RESCHEDULED The Sound of Music - Premiere II – Opera Tellus;zh;null;Klaneettitie 5,Helsinki,00420,
fi;SIIRRETTY The Sound of Music - Ensi-ilta – Opera Tellus;sv;FRAMFLYTTAD The Sound of Music - Premiär – Opera Tellus;en;RESCHEDULED The Sound of Music - Premiere – Opera Tellus;zh;null;Klaneettitie 5,Helsinki,00420,
fi;Hetkiä helmien nauha – Maksuttomat maanantait;sv;Hetkiä helmien nauha – Maksuttomat maanantait;en;Hetkiä helmien nauha – Maksuttomat maanantait;zh;null;Klaneettitie 5,Helsinki,00420,
fi;Musiikkiopisto Juvenalia: Lied-konsertti;sv;null;en;null;zh;null;Soittoniekanaukio 1 A,Espoo,02600,
fi;Los Lobos (USA) – KONSERTTI ON PERUTTU;sv;Los Lobos (USA) – KONCERT AVBRYTT;en;Los Lobos (USA) – CONCERT CANCELLED;zh;null;Kasarmikatu 46-48,Helsinki,00130,
fi;Petrus Schroderus: Rakasta elämää!;sv;null;en;Petrus Schroderus;zh;null;Lutherinkatu 3,Helsinki,00100,
fi;Ukulele jami­perjantai (etänä);sv;null;en;Ukulele Jam (online);zh;null;Leppävaarankatu 9,Espoo,02600,
fi;Ukulele jami­perjantai (etänä);sv;null;en;Ukulele Jam (online);zh;null;Leppävaarankatu 9,Espoo,02600,
fi;Ukulele jami­perjantai (etänä);sv;null;en;Ukulele Jam (online);zh;null;Leppävaarankatu 9,Espoo,02600,
fi;Ukulele jami­perjantai (etänä);sv;null;en;Ukulele Jam (online);zh;null;Leppävaarankatu 9,Espoo,02600,
fi;Ukulele jami­perjantai (etänä);sv;null;en;Ukulele Jam (online);zh;null;Leppävaarankatu 9,Espoo,02600,
fi;Ukulele jami­perjantai (etänä);sv;null;en;Ukulele Jam (online);zh;null;Leppävaarankatu 9,Espoo,02600,
fi;Ukulele jami­perjantai (etänä);sv;null;en;Ukulele Jam (online);zh;null;Leppävaarankatu 9,Espoo,02600,
fi;Ukulele jami­perjantai (etänä);sv;null;en;Ukulele Jam (online);zh;null;Leppävaarankatu 9,Espoo,02600,
fi;Ukulele jami­perjantai (etänä);sv;null;en;Ukulele Jam (online);zh;null;Leppävaarankatu 9,Espoo,02600,
fi;Ukulele jami­perjantai (etänä);sv;null;en;Ukulele Jam (online);zh;null;Leppävaarankatu 9,Espoo,02600,
fi;Ukulele jami­perjantai (etänä);sv;null;en;Ukulele Jam (online);zh;null;Leppävaarankatu 9,Espoo,02600,
fi;Tapiola Sinfonietta: Hetkiä VI – J. S. Bach;sv;Tapiola Sinfonietta: Stunder VI – J. S. Bach;en;Tapiola Sinfonietta: Moments VI – J. S. Bach;zh;null;Soittoniekanaukio 1 A,Espoo,02600,
fi;Sofa + Yeboyah;sv;null;en;null;zh;null;Sörnäisten rantatie 22 / Kaasutehtaankatu 1,Helsinki,00540,
fi;Aivovuoto + DJ Kridlokk ;sv;null;en;null;zh;null;Sörnäisten rantatie 22 / Kaasutehtaankatu 1,Helsinki,00540,
fi;SIIRTYY Laura Hynninen | Unia vai Kaikuja – Caisa Classequal;sv;FRAMFLYTTAD Laura Hynninen | Unia vai Kaikuja – Caisa Classequal;en;RESCHEDULED Laura Hynninen | Unia vai Kaikuja – Caisa Classequal;zh;null;Kaikukatu 4, Helsinki,Helsinki,00530,
fi;Iltapäiväkonsertti: Anton Mejias;sv;Eftermiddagskonsert: Anton Mejias;en;Afternoon concert: Anton Mejias;zh;null;Soittoniekanaukio 1 A,Espoo,02600,
fi;The Elvis Concert (SIIRTYY 21.10.2021);sv;null;en;null;zh;null;Soittoniekanaukio 1 A,Espoo,02600,
fi;Bändipaja;sv;null;en;null;zh;null;Larin Kyöstin tie 7,Helsinki,00650,
fi;Bändipaja;sv;null;en;null;zh;null;Larin Kyöstin tie 7,Helsinki,00650,
fi;Bändipaja;sv;null;en;null;zh;null;Larin Kyöstin tie 7,Helsinki,00650,
fi;Bändipaja;sv;null;en;null;zh;null;Larin Kyöstin tie 7,Helsinki,00650,
fi;Bändipaja;sv;null;en;null;zh;null;Larin Kyöstin tie 7,Helsinki,00650,
fi;Bändipaja;sv;null;en;null;zh;null;Larin Kyöstin tie 7,Helsinki,00650,
fi;Bändipaja;sv;null;en;null;zh;null;Larin Kyöstin tie 7,Helsinki,00650,
fi;Bändipaja;sv;null;en;null;zh;null;Larin Kyöstin tie 7,Helsinki,00650,
fi;Bändipaja;sv;null;en;null;zh;null;Larin Kyöstin tie 7,Helsinki,00650,
fi;Bändipaja;sv;null;en;null;zh;null;Larin Kyöstin tie 7,Helsinki,00650,
fi;Bändipaja;sv;null;en;null;zh;null;Larin Kyöstin tie 7,Helsinki,00650,
fi;Bändipaja;sv;null;en;null;zh;null;Larin Kyöstin tie 7,Helsinki,00650,
fi;Bändipaja;sv;null;en;null;zh;null;Larin Kyöstin tie 7,Helsinki,00650,
fi;Bändipaja;sv;null;en;null;zh;null;Larin Kyöstin tie 7,Helsinki,00650,
fi;Bändipaja;sv;null;en;null;zh;null;Larin Kyöstin tie 7,Helsinki,00650,
fi;Bändipaja;sv;null;en;null;zh;null;Larin Kyöstin tie 7,Helsinki,00650,
fi;Laulun takaa -klubi: Aki Tykki (LOPPUNVARATTU);sv;Laulun takaa -klubben: Aki Tykki (SLUTSÅLD);en;Laulun takaa -klubi: Aki Tykki (SOLD OUT);zh;null;Soittoniekanaukio 1 A,Espoo,02600,
fi;Iltapäiväelokuva: Judy;sv;Eftermiddagsfilm: Judy;en;Afternoon film: Judy;zh;null;Soittoniekanaukio 1 A,Espoo,02600,
fi;Kuvakortit piilosilla;sv;null;en;null;zh;null;Pyhätunturintie 2,Helsinki,00970,
fi;Kuvakortit piilosilla;sv;null;en;null;zh;null;Pyhätunturintie 2,Helsinki,00970,
fi;Kuvakortit piilosilla;sv;null;en;null;zh;null;Pyhätunturintie 2,Helsinki,00970,
fi;Kuvakortit piilosilla;sv;null;en;null;zh;null;Pyhätunturintie 2,Helsinki,00970,
fi;Kuvakortit piilosilla;sv;null;en;null;zh;null;Pyhätunturintie 2,Helsinki,00970,
fi;Kuvakortit piilosilla;sv;null;en;null;zh;null;Pyhätunturintie 2,Helsinki,00970,
fi;Kuvakortit piilosilla;sv;null;en;null;zh;null;Pyhätunturintie 2,Helsinki,00970,
fi;Kuvakortit piilosilla;sv;null;en;null;zh;null;Pyhätunturintie 2,Helsinki,00970,
fi;Kuvakortit piilosilla;sv;null;en;null;zh;null;Pyhätunturintie 2,Helsinki,00970,
fi;Kuvakortit piilosilla;sv;null;en;null;zh;null;Pyhätunturintie 2,Helsinki,00970,
fi;Kuvakortit piilosilla;sv;null;en;null;zh;null;Pyhätunturintie 2,Helsinki,00970,
fi;Kuvakortit piilosilla;sv;null;en;null;zh;null;Pyhätunturintie 2,Helsinki,00970,
fi;Kuvakortit piilosilla;sv;null;en;null;zh;null;Pyhätunturintie 2,Helsinki,00970,
fi;Kuvakortit piilosilla;sv;null;en;null;zh;null;Pyhätunturintie 2,Helsinki,00970,
fi;Kuvakortit piilosilla;sv;null;en;null;zh;null;Pyhätunturintie 2,Helsinki,00970,
fi;Helsinki Open Waves – Kuuntele monikielistä radiota!;sv;Helsinki Open Waves – Lyssna på en flerspråkig radio!;en;Helsinki Open Waves – Listen multilingual radio!;zh;null;Kaikukatu 4, Helsinki,Helsinki,00530,
fi;Puuhapiha;sv;null;en;null;zh;null;Pyhätunturintie 2,Helsinki,00970,
fi;Puuhapiha;sv;null;en;null;zh;null;Pyhätunturintie 2,Helsinki,00970,
fi;Puuhapiha;sv;null;en;null;zh;null;Pyhätunturintie 2,Helsinki,00970,
fi;Puuhapiha;sv;null;en;null;zh;null;Pyhätunturintie 2,Helsinki,00970,
fi;Puuhapiha;sv;null;en;null;zh;null;Pyhätunturintie 2,Helsinki,00970,
fi;Puuhapiha;sv;null;en;null;zh;null;Pyhätunturintie 2,Helsinki,00970,
fi;Puuhapiha;sv;null;en;null;zh;null;Pyhätunturintie 2,Helsinki,00970,
fi;Puuhapiha;sv;null;en;null;zh;null;Pyhätunturintie 2,Helsinki,00970,
fi;Puuhapiha;sv;null;en;null;zh;null;Pyhätunturintie 2,Helsinki,00970,
fi;Puuhapiha;sv;null;en;null;zh;null;Pyhätunturintie 2,Helsinki,00970,
fi;Puuhapiha;sv;null;en;null;zh;null;Pyhätunturintie 2,Helsinki,00970,
fi;Puuhapiha;sv;null;en;null;zh;null;Pyhätunturintie 2,Helsinki,00970,
fi;Puuhapiha;sv;null;en;null;zh;null;Pyhätunturintie 2,Helsinki,00970,
fi;Puuhapiha;sv;null;en;null;zh;null;Pyhätunturintie 2,Helsinki,00970,
fi;Puuhapiha;sv;null;en;null;zh;null;Pyhätunturintie 2,Helsinki,00970,
fi;Helsingin Urkukesä 2021;sv;Helsingfors Orgelsommar 2021;en;Helsinki Organ Summer 2021;zh;null;-,-,-,
fi;An Evening with Sound & Performance Art – Third Space;sv;null;en;An Evening with Sound & Performance Art – Third Space;zh;null;Turunlinnantie 1,Helsinki,00900,
fi;Apocalyptica ;sv;null;en;Apocalyptica ;zh;null;Nordenskiöldinkatu 11-13,Helsinki,00250,
fi;M + Hulda Huima & Hitaat sekunnit – Stoa Black Box;sv;M + Hulda Huima & Hitaat sekunnit – Stoa Black Box;en;M + Hulda Huima & Hitaat sekunnit – Stoa Black Box;zh;null;Turunlinnantie 1,Helsinki,00900,
fi;Hille-Hohti Eclectic ;sv;Hille-Hohti Eclectic ;en;Hille-Hohti Eclectic ;zh;null;Ahertajantie 5,Espoo,02100,
fi;Afrojazz Quintet feat. Sam Huber & Charlotta Kerbs – Klubb Ankdamm;sv;Afrojazz Quintet feat. Sam Huber & Charlotta Kerbs – Klubb Ankdamm;en;Afrojazz Quintet feat. Sam Huber & Charlotta Kerbs – Klubb Ankdamm;zh;null;Mosaiikkitori 2,Helsinki,00980,
fi;Fidelio;sv;null;en;Fidelio;zh;null;Kulttuuriaukio 2,Espoo,02100,
fi;Fidelio;sv;null;en;Fidelio;zh;null;Kulttuuriaukio 2,Espoo,02100,
fi;Fidelio;sv;null;en;Fidelio;zh;null;Kulttuuriaukio 2,Espoo,02100,
fi;Henrik Sandås Quintet – Caisa Classequal;sv;Henrik Sandås Quintet – Caisa Classequal;en;Henrik Sandås Quintet – Caisa Classequal;zh;null;Kaikukatu 4, Helsinki,Helsinki,00530,
fi;Galina – nainen ja vasara | Honkakoski | Suolahti | Karakorpi – Caisa Classequal;sv;Galina – kvinnan och hammaren – Caisa Classequal;en;Galina – a woman and a hammer | Honkakoski | Suolahti | Karakorpi – Caisa Classequal;zh;null;Kaikukatu 4, Helsinki,Helsinki,00530,
fi;Mimmit på svenska (Mimmit ruotsiksi);sv;Mimmit på svenska;en;Mimmit på svenska;zh;null;Annankatu 30,Helsinki,00100,
fi;CaisaKallio – Caisan ja Kallion lukion yhteinen taidefestivaali;sv;CaisaKallio – Caisan ja Kallion lukion yhteinen taidefestivaali;en;CaisaKallio – Caisan ja Kallion lukion yhteinen taidefestivaali;zh;null;Kaikukatu 4, Helsinki,Helsinki,00530,
fi;Betty's Follies – Party like Gatsby;sv;Betty's Follies – Party like Gatsby;en;Betty's Follies – Party like Gatsby;zh;null;Kaikukatu 4, Helsinki,Helsinki,00530,
fi;Kitkerät Neitsyet;sv;Kitkerät Neitsyet;en;Kitkerät Neitsyet;zh;null;Klaneettitie 5,Helsinki,00420,
fi;HOS Big Band;sv;null;en;null;zh;null;Mosaiikkitori 2,Helsinki,00980,
fi;Pianisti Maija Väisänen – Flyygelikuu;sv;Pianisti Maija Väisänen – Flyygelikuu;en;Pianist Maija Väisänen – Flyygelikuu;zh;null;Mosaiikkitori 2,Helsinki,00980,
fi;Muiston pysyvyys – Eeva-Liisa Manner 100 vuotta -tapahtumapäivä;sv;Muiston pysyvyys – Eeva-Liisa Manner 100 vuotta -tapahtumapäivä (Evenemangsdagen Eeva-Liisa Manner 100 år);en;Muiston pysyvyys – Eeva-Liisa Manner 100 vuotta -tapahtumapäivä (Eeva-Liisa Manner’s 100th anniversary day);zh;null;Ala-Malmin tori 1,Helsinki,00700,
fi;Mamma Mu och Kråkan - KoZoo – Barnens estrad;sv;Mamma Mu och Kråkan - KoZoo – Barnens estrad;en;Mamma Mu och Kråkan - KoZoo – Barnens estrad;zh;null;Ala-Malmin tori 1,Helsinki,00700,
fi;Kamarimusiikkia Kanneltalossa – Maksuttomat maanantait;sv;Kammarmusik i Kanneltalo – Maksuttomat maanantait;en;Chamber Music in Kanneltalo – Maksuttomat maanantait;zh;null;Klaneettitie 5,Helsinki,00420,
fi;Kamarimusiikkia Kanneltalossa – Maksuttomat maanantait;sv;Kammarmusik i Kanneltalo – Maksuttomat maanantait;en;Chamber Music in Kanneltalo – Maksuttomat maanantait;zh;null;Klaneettitie 5,Helsinki,00420,
fi;Frank Gambale – All Star Band (SIIRTYY 30.3.2022);sv;Frank Gambale – All Star Band (FLYTTAS TILL 30.3.2022);en;Frank Gambale – All Star Band (MOVED TO 30.3.2022);zh;null;Soittoniekanaukio 1 A,Espoo,02600,
fi;Kaki King (US);sv;Kaki King (US);en;Kaki King (US);zh;null;Soittoniekanaukio 1 A,Espoo,02600,
fi;Kaki King (US) (SIIRTYY 7.10.2021);sv;null;en;null;zh;null;Soittoniekanaukio 1 A,Espoo,02600,
fi;Jarkko Martikainen ja Luotetut miehet: Ystävien taloissa;sv;Jarkko Martikainen & Luotetut miehet: Ystävien taloissa;en;Jarkko Martikainen ja Luotetut miehet: Ystävien talossa album release tour;zh;null;Kulttuuriaukio 2,Espoo,02100,
fi;Maria Ylipää & Ystävät - jouluinen konsertticockteil – Maria Ylipää & Ystävät;sv;Maria Ylipää & Ystävät - jouluinen konsertticockteil – Maria Ylipää & Ystävät;en;Maria Ylipää & Ystävät - jouluinen konsertticockteil – Maria Ylipää & Ystävät;zh;null;Mosaiikkitori 2,Helsinki,00980,
fi;Blueskuningatar – Erja Lyytinen;sv;Blueskuningatar – Erja Lyytinen;en;Blueskuningatar – Erja Lyytinen;zh;null;Mosaiikkitori 2,Helsinki,00980,
fi;Scatmen – The Great Helsinki Swing Big Band;sv;null;en;null;zh;null;Ala-Malmin tori 1,Helsinki,00700,
fi;Swing Around The Clock – The Great Helsinki Swing Big Band;sv;null;en;null;zh;null;Ala-Malmin tori 1,Helsinki,00700,
fi;Matti ja Maija: Hiionlii! -kansanmusiikkikonsertti;sv;null;en;null;zh;null;Järvenperäntie 1-3,Espoo,02940,
fi;Juuret – The Roots – Maailma-kuoron konsertti;sv;Juuret – The Roots – Maailma-kuoron konsertti;en;Juuret – The Roots – Maailma-kuoron konsertti;zh;null;Ala-Malmin tori 1,Helsinki,00700,
fi;RJ Mischo (USA) & Tomi Leino Trio – Menevää huuliharppubluesia!;sv;RJ Mischo (USA) & Tomi Leino Trio;en;RJ Mischo (USA) & Tomi Leino Trio;zh;null;Ala-Malmin tori 1,Helsinki,00700,
fi;Vappuaaton matinea – Oi aika ihanin;sv;Vappuaaton matinea;en;Vappuaaton matinea;zh;null;Turunlinnantie 1,Helsinki,00900,
fi;April Jazz -festivaali: Big Band Boost;sv;null;en;null;zh;null;Soittoniekanaukio 1 A,Espoo,02600,
fi;Yhteislaulua säestyksellä;sv;null;en;null;zh;null;Metsäpurontie 25,Helsinki,00630,
fi;Yhteislaulua säestyksellä;sv;null;en;null;zh;null;Metsäpurontie 25,Helsinki,00630,
fi;Yhteislaulua säestyksellä;sv;null;en;null;zh;null;Metsäpurontie 25,Helsinki,00630,
fi;Yhteislaulua säestyksellä;sv;null;en;null;zh;null;Metsäpurontie 25,Helsinki,00630,
fi;Yhteislaulua säestyksellä;sv;null;en;null;zh;null;Metsäpurontie 25,Helsinki,00630,
fi;Iltapäiväkonsertti: Santeri Rautiainen: Elämä kaikkine tunteineen;sv;Eftermiddagskonsert: Santeri Rautiainen;en;Afternoon concert: Santeri Rautiainen;zh;null;Soittoniekanaukio 1 A,Espoo,02600,
fi;Taikametsä – Veden varaan – Koko perheen konsertti;sv;null;en;null;zh;null;Mosaiikkitori 2,Helsinki,00980,
fi;NEFES;sv;NEFES;en;NEFES;zh;null;Mosaiikkitori 2,Helsinki,00980,
fi;Tuolijumppa;sv;null;en;null;zh;null;Keinulaudankuja 4 C,Helsinki,00940,
fi;Tuolijumppa;sv;null;en;null;zh;null;Keinulaudankuja 4 C,Helsinki,00940,
fi;Tuolijumppa;sv;null;en;null;zh;null;Keinulaudankuja 4 C,Helsinki,00940,
fi;Tuolijumppa;sv;null;en;null;zh;null;Keinulaudankuja 4 C,Helsinki,00940,
fi;Tuolijumppa;sv;null;en;null;zh;null;Keinulaudankuja 4 C,Helsinki,00940,
fi;Tuolijumppa;sv;null;en;null;zh;null;Keinulaudankuja 4 C,Helsinki,00940,
fi;Tuolijumppa;sv;null;en;null;zh;null;Keinulaudankuja 4 C,Helsinki,00940,
fi;Tuolijumppa;sv;null;en;null;zh;null;Keinulaudankuja 4 C,Helsinki,00940,
fi;Tuolijumppa;sv;null;en;null;zh;null;Keinulaudankuja 4 C,Helsinki,00940,
fi;Tuolijumppa;sv;null;en;null;zh;null;Keinulaudankuja 4 C,Helsinki,00940,
fi;Van Der Graaf Generator;sv;Van Der Graaf Generator;en;Van Der Graaf Generator;zh;null;Kasarmikatu 46-48,Helsinki,00130,
fi;Van Der Graaf Generator;sv;Van Der Graaf Generator;en;Van Der Graaf Generator;zh;null;Kasarmikatu 46-48,Helsinki,00130,
fi;SIIRRETTY: Rosita Luu, M – A la Malmi;sv;OMPLANERAD: Rosita Luu, M – A la Malmi;en;RESCHEDULED: Rosita Luu, M lmi: Rosita Luu & M – A la Malmi;zh;null;Ala-Malmin tori 1,Helsinki,00700,
fi;Juice Originals feat Riku Nieminen;sv;Juice Originals feat Riku Nieminen;en;Juice Originals feat Riku Nieminen;zh;null;Kasarmikatu 46-48,Helsinki,00130,
fi;SIIRRETTY: Vedän elämän henkeen -juhlakonsertti – Charles Plogman 40-vuotisjuhlakiertue;sv;OMPLANERAD: Vedän elämän henkeen -juhlakonsertti – Charles Plogman 40-vuotisjuhlakiertue;en;RESCHEDULED: Vedän elämän henkeen -juhlakonsertti – Charles Plogman 40-vuotisjuhlakiertue;zh;null;Ala-Malmin tori 1,Helsinki,00700,
fi;NITS: Knot;sv;NITS: Knot;en;NITS: Knot;zh;null;Kasarmikatu 46-48,Helsinki,00130,
fi;Ranky Tanky – Get Funky (USA) – Savoy World;sv;Ranky Tanky – Get Funky – Savoy World;en;Ranky Tanky – Get Funky – Savoy World;zh;null;Kasarmikatu 46-48,Helsinki,00130,
fi;60´s British Blues Night – Ilkka Rantamäki $ The Bluesbrokers ja Edward Seger Band;sv;60´s British Blues Night – Ilkka Rantamäki $ The Bluesbrokers och Edward Seger Band;en;60´s British Blues Night – Ilkka Rantamäki $ The Bluesbrokers and Edward Seger Band;zh;null;Ala-Malmin tori 1,Helsinki,00700,
fi;SIIRRETTY: Ogeli Big Band goes Summer;sv;OMPLANERAD: Ogeli Big Band goes Summer;en;RESCHEDULED: Ogeli Big Band goes Summer;zh;null;Ala-Malmin tori 1,Helsinki,00700,
fi;La Dame Blanche – Savoy World;sv;La Dame Blanche – Savoy World;en;La Dame Blanche – Savoy World;zh;null;Kasarmikatu 46-48,Helsinki,00130,
fi;Nyt lauletaan verkossa! – Maksuttomat maanantait;sv;Nyt lauletaan verkossa! – Maksuttomat maanantait;en;Nyt lauletaan verkossa! – Maksuttomat maanantait;zh;null;Klaneettitie 5,Helsinki,00420,
fi;Juurilla: Janus Hanski – Maksuttomat maanantait;sv;Juurilla: Janus Hanski – Maksuttomat maanantait;en;Juurilla: Janus Hanski – Maksuttomat maanantait;zh;null;Klaneettitie 5,Helsinki,00420,
fi;Minttu sekä Ville -improduetto – Minttu Mustakallio ja Ville Virtanen;sv;Minttu sekä Ville -improduetto – Minttu Mustakallio ja Ville Virtanen;en;Minttu sekä Ville -improduetto – Minttu Mustakallio ja Ville Virtanen;zh;null;Ala-Malmin tori 1,Helsinki,00700,
fi;Ola Onabulé (UK/NGR) feat. UMO Helsinki – UMO Helsinki Jazz Orchestra presents: Great Voices;sv;Ola Onabulé (UK/NGR) feat. UMO Helsinki – UMO Helsinki Jazz Orchestra presents: Great Voices;en;Ola Onabulé (UK/NGR) feat. UMO Helsinki – UMO Helsinki Jazz Orchestra presents: Great Voices;zh;null;Kasarmikatu 46-48,Helsinki,00130,
fi;Opi suomea laulaen -laulupaja;sv;Opi suomea laulaen – sångverkstad;en;Learn Finnish by singing – workshop;zh;null;Turunlinnantie 1,Helsinki,00900,
fi;Opi suomea laulaen -laulupaja;sv;Opi suomea laulaen – sångverkstad;en;Learn Finnish by singing – workshop;zh;null;Turunlinnantie 1,Helsinki,00900,
fi;ROTKO – Jazz'n'Jam;sv;ROTKO – Jazz'n'Jam;en;ROTKO – Jazz'n'Jam;zh;null;Ala-Malmin tori 1,Helsinki,00700,
fi;Juurilla: Susanna Haavisto – Maksuttomat maanantait;sv;Juurilla: Susanna Haavisto – Maksuttomat maanantait;en;Juurilla: Susanna Haavisto – Maksuttomat maanantait;zh;null;Klaneettitie 5,Helsinki,00420,
fi;SIIRRETTY: Nuori Luotsi (1927) + Philomela – Kinokonsertti;sv;OMPLANERAD: Nuori Luotsi (1927) + Philomela – Kinokonsertti;en;RESCHEDULED: Nuori Luotsi (1927) + Philomela – Kinokonsertti;zh;null;Ala-Malmin tori 1,Helsinki,00700,
fi;Nyt lauletaan verkossa! – Maksuttomat maanantait;sv;Nyt lauletaan verkossa! – Maksuttomat maanantait;en;Nyt lauletaan verkossa! – Maksuttomat maanantait;zh;null;Klaneettitie 5,Helsinki,00420,
fi;Wigwam Experience;sv;Wigwam Experience;en;Wigwam Experience;zh;null;Ala-Malmin tori 1,Helsinki,00700,
fi;Philip Glass Ensemble – Music in Eight Parts;sv;Philip Glass Ensemble – Music in Eight Parts;en;Philip Glass Ensemble – Music in Eight Parts;zh;null;Kasarmikatu 46-48,Helsinki,00130,
fi;Helsinki – Shangri-La 10 vuotta – Paleface;sv;Helsinki – Shangri-La 10 år – Paleface;en;Helsinki – Shangri-La 10 years – Paleface;zh;null;Ala-Malmin tori 1,Helsinki,00700,
fi;Vappukonsertti: Softly, with Feeling - Peggy Leen elämä ja laulut;sv;Valborgskonsert: Softly, with Feeling – Peggy Lees liv och sånger;en;May Day concert: Softly, with Feeling – Life and Songs of Peggy Lee;zh;null;Soittoniekanaukio 1 A,Espoo,02600,
fi;Matineakonsertti: Pala aurinkoa;sv;Matinékonsert: En bit av solen;en;Matinée concert: Pala aurinkoa;zh;null;Soittoniekanaukio 1 A,Espoo,02600,
fi;Opi suomea laulaen -laulupaja;sv;Opi suomea laulaen – sångverkstad;en;Learn Finnish by singing – workshop;zh;null;Turunlinnantie 1,Helsinki,00900,
fi;Opi suomea laulaen -laulupaja;sv;Opi suomea laulaen – sångverkstad;en;Learn Finnish by singing – workshop;zh;null;Turunlinnantie 1,Helsinki,00900,
fi;SOULMIEHET - Elävänä eteenpäin – Sami Saari, Niko Ahvonen, Jussu Pöyhönen;sv;null;en;null;zh;null;Kasarmikatu 46-48,Helsinki,00130,
fi;Sir Elwoodin hiljaiset värit – Aamupäivän Errol Flynn;sv;null;en;null;zh;null;Kasarmikatu 46-48,Helsinki,00130,
fi;Sir Elwoodin hiljaiset värit – Aamupäivän Errol Flynn;sv;null;en;null;zh;null;Kasarmikatu 46-48,Helsinki,00130,
fi;Piazzolla – Tango nuevo;sv;null;en;null;zh;null;Kasarmikatu 46-48,Helsinki,00130,
fi;Tiloissa - Omaehtoisia musiikin paikkoja Helsingissä ;sv;Lokaler – Alternativa musikplatser i Helsingfors;en;Spaces – DIY Music Venues in Helsinki;zh;null;Aleksanterinkatu 16,Helsinki,00170,
fi;Seasound 2021;sv;null;en;Seasound 2021;zh;null;Isosaari,Helsinki,00860,
fi;Astrid S;sv;null;en;Astrid S;zh;null;Urho Kekkosen katu 4-6,Helsinki,00100,
fi;Björk;sv;null;en;Björk;zh;null;Areenakuja 1,Helsinki,00240,
fi;Judas Priest;sv;null;en;Judas Priest;zh;null;Nordenskiöldinkatu 11-13,Helsinki,00250,
fi;Helloween;sv;null;en;Helloween;zh;null;Nordenskiöldinkatu 11-13,Helsinki,00250,
fi;Kaisa Rocks;sv;null;en;Kaisa Rocks;zh;null;Kaisaniemenkatu,Helsinki,00100,
fi;The Mission;sv;null;en;The Mission;zh;null;Urho Kekkosen katu 4-6,Helsinki,00100,
fi;Hurts;sv;null;en;Hurts;zh;null;Nordenskiöldinkatu 11-13,Helsinki,00250,
fi;Siirretty kevääseen: Louhiklubi: Kettunen-Kuokkanen - Johanna & Mikko Iivanainen;sv;Louhiklubi: Edu Kettunen - Mika Kuokkanen - Johanna & Mikko Iivanainen;en;Louhi Club: Edu Kettunen – Mika Kuokkanen – Johanna & Mikko Iivanainen;zh;null;Kulttuuriaukio 2,Espoo,02100,
fi;Puuhaperjantai;sv;null;en;null;zh;null;Kadettikouluntie 5,Helsinki,00860,
fi;Puuhaperjantai;sv;null;en;null;zh;null;Kadettikouluntie 5,Helsinki,00860,
fi;Puuhaperjantai;sv;null;en;null;zh;null;Kadettikouluntie 5,Helsinki,00860,
fi;Puuhaperjantai;sv;null;en;null;zh;null;Kadettikouluntie 5,Helsinki,00860,
fi;Puuhaperjantai;sv;null;en;null;zh;null;Kadettikouluntie 5,Helsinki,00860,
fi;Puuhaperjantai;sv;null;en;null;zh;null;Kadettikouluntie 5,Helsinki,00860,
fi;Puuhaperjantai;sv;null;en;null;zh;null;Kadettikouluntie 5,Helsinki,00860,
fi;Puuhaperjantai;sv;null;en;null;zh;null;Kadettikouluntie 5,Helsinki,00860,
fi;Puuhaperjantai;sv;null;en;null;zh;null;Kadettikouluntie 5,Helsinki,00860,
fi;Puuhaperjantai;sv;null;en;null;zh;null;Kadettikouluntie 5,Helsinki,00860,
fi;Puuhaperjantai;sv;null;en;null;zh;null;Kadettikouluntie 5,Helsinki,00860,
fi;Puuhaperjantai;sv;null;en;null;zh;null;Kadettikouluntie 5,Helsinki,00860,
fi;Puuhaperjantai;sv;null;en;null;zh;null;Kadettikouluntie 5,Helsinki,00860,
fi;Vauva-taaperoaamu ulkotoimintana;sv;null;en;null;zh;null;Kadettikouluntie 5,Helsinki,00860,
fi;Vauva-taaperoaamu ulkotoimintana;sv;null;en;null;zh;null;Kadettikouluntie 5,Helsinki,00860,
fi;Vauva-taaperoaamu ulkotoimintana;sv;null;en;null;zh;null;Kadettikouluntie 5,Helsinki,00860,
fi;Vauva-taaperoaamu ulkotoimintana;sv;null;en;null;zh;null;Kadettikouluntie 5,Helsinki,00860,
fi;Vauva-taaperoaamu ulkotoimintana;sv;null;en;null;zh;null;Kadettikouluntie 5,Helsinki,00860,
fi;Vauva-taaperoaamu ulkotoimintana;sv;null;en;null;zh;null;Kadettikouluntie 5,Helsinki,00860,
fi;Vauva-taaperoaamu ulkotoimintana;sv;null;en;null;zh;null;Kadettikouluntie 5,Helsinki,00860,
fi;Vauva-taaperoaamu ulkotoimintana;sv;null;en;null;zh;null;Kadettikouluntie 5,Helsinki,00860,
fi;Vauva-taaperoaamu ulkotoimintana;sv;null;en;null;zh;null;Kadettikouluntie 5,Helsinki,00860,
fi;Vauva-taaperoaamu ulkotoimintana;sv;null;en;null;zh;null;Kadettikouluntie 5,Helsinki,00860,
fi;Vauva-taaperoaamu ulkotoimintana;sv;null;en;null;zh;null;Kadettikouluntie 5,Helsinki,00860,
fi;Vauva-taaperoaamu ulkotoimintana;sv;null;en;null;zh;null;Kadettikouluntie 5,Helsinki,00860,
fi;Vauva-taaperoaamu ulkotoimintana;sv;null;en;null;zh;null;Kadettikouluntie 5,Helsinki,00860,
fi;Tampereen Ukuleleorkesteri;sv;Tampereen Ukuleleorkesteri;en;Tampereen Ukuleleorkesteri;zh;null;Ala-Malmin tori 1,Helsinki,00700,
fi;Emel (TN);sv;Emel (TN);en;Emel (TN);zh;null;Soittoniekanaukio 1 A,Espoo,02600,
fi;Irina;sv;Irina;en;Irina;zh;null;Soittoniekanaukio 1 A,Espoo,02600,
fi;Tulen Tango - Angelika Klas ja Kotaja Quintet;sv;null;en;null;zh;null;Kasarmikatu 46-48,Helsinki,00130,
fi;Tulen Tango - Angelika Klas ja Kotaja Quintet;sv;null;en;null;zh;null;Kasarmikatu 46-48,Helsinki,00130,
fi;Hellfire 2021 – Metal Festival On Tour;sv;null;en;Hellfire 2021 – Metal Festival On Tour;zh;null;Henry Fordin katu 6,Helsinki,00150,
fi;JuuriJuhla – RotFest: Otava Yo (RU), Vesselil (DK), Juurakko;sv;null;en;null;zh;null;Soittoniekanaukio 1 A,Espoo,02600,
fi;God Is An Astronaut ;sv;null;en;God Is An Astronaut ;zh;null;Urho Kekkosen katu 4-6,Helsinki,00100,
fi;Jacob Lee;sv;null;en;Jacob Lee;zh;null;Mikonkatu 15,Helsinki,00100,
fi;Skid Row;sv;null;en;Skid Row;zh;null;Henry Fordin katu 6,Helsinki,00150,
fi;LAIBACH: Love is Still Alive – Lipunmyynti alkaa ke 16.12.2020 klo 9;sv;null;en;LAIBACH: Love is Still Alive – Ticket sales start on Wed 16.12.2020 at 9 am;zh;null;Kasarmikatu 46-48,Helsinki,00130,
fi;Sanni;sv;null;en;Sanni;zh;null;Henry Fordin katu 6,Helsinki,00150,
fi;Siirtyy: Ensiferum;sv;null;en;Transferred: Ensiferum;zh;null;Urho Kekkosen katu 4-6,Helsinki,00100,
fi;Siirtyy: Ensiferum;sv;null;en;Transferred: Ensiferum;zh;null;Urho Kekkosen katu 4-6,Helsinki,00100,
fi;Siirtyy: Ensiferum;sv;null;en;Transferred: Ensiferum;zh;null;Urho Kekkosen katu 4-6,Helsinki,00100,
fi;Siirtyy v. 2021: Härkä katolla;sv;null;en;Transferred 2021: Ox on the Roof;zh;null;Ruohonlahdentori 6,Helsinki,00180,
fi;Joan As Police Woman (USA) Live 2021;sv;Joan As Police Woman (USA) Live 2021;en;Joan As Police Woman (USA) Live 2021;zh;null;Soittoniekanaukio 1 A,Espoo,02600,
fi;Siirtyy: Suuri Joulukonsertti;sv;null;en;Transferred: Christmas Concert;zh;null;Sturenkatu 4,Helsinki,00510,
fi;Siirtyy: Ufo Mustosen laulukerho: Mariska;sv;null;en;Transferred: Ufo Mustonen Singing Club: Mariska;zh;null;Mannerheimintie 13 E,Helsinki,00100,
fi;Siirtyy: UMO Helsinki Ensemble;sv;Förflyttas: UMO Helsinki Ensemble;en;Transferred: UMO Helsinki Ensemble;zh;null;Mannerheimintie 13 A,Helsinki,00100,
fi;Siirtyy: UMO Helsinki Ensemble;sv;Förflyttas: UMO Helsinki Ensemble;en;Transferred: UMO Helsinki Ensemble;zh;null;Mannerheimintie 13 A,Helsinki,00100,
fi;Siirtyy: UMO Helsinki Ensemble;sv;Förflyttas: UMO Helsinki Ensemble;en;Transferred: UMO Helsinki Ensemble;zh;null;Mannerheimintie 13 A,Helsinki,00100,
fi;Siirtyy: UMO Helsinki Ensemble;sv;Förflyttas: UMO Helsinki Ensemble;en;Transferred: UMO Helsinki Ensemble;zh;null;Mannerheimintie 13 A,Helsinki,00100,
fi;Oopperajuna;sv;Operatåg;en;Opera Train;zh;null;Kaivokatu 1,Helsinki,00100,
fi;Hearthill;sv;null;en;Hearthill;zh;null;Yrjönkatu 3,Helsinki,00120,
fi;Esa Pulliainen w/ Mr Breathless;sv;null;en;Esa Pulliainen w/ Mr Breathless;zh;null;Yrjönkatu 3,Helsinki,00120,
fi;Lamb of God & Kreator: State Of Unrest Tour;sv;null;en;Lamb of God & Kreator: State Of Unrest Tour;zh;null;Nordenskiöldinkatu 11-13,Helsinki,00250,
fi;Danko Jones: A Tour Supreme;sv;null;en;Danko Jones: A Tour Supreme;zh;null;Urho Kekkosen katu 4-6,Helsinki,00100,
fi;Ludovico Einaudi: Seven Days Walking;sv;null;en;Ludovico Einaudi: Seven Days Walking;zh;null;Mannerheimintie 13 e,Helsinki,00100,
fi;Elton John;sv;null;en;Elton John;zh;null;Areenakuja 1,Helsinki,00240,
fi;Elton John;sv;null;en;Elton John;zh;null;Areenakuja 1,Helsinki,00240,
fi;Elton John;sv;null;en;Elton John;zh;null;Areenakuja 1,Helsinki,00240,
fi;D-A-D & Melrose;sv;null;en;D-A-D & Melrose;zh;null;Kaasutehtaankatu 1,Helsinki,00580,
fi;Drive-By Truckers;sv;null;en;Drive-By Truckers;zh;null;Urho Kekkosen katu 4-6,Helsinki,00100,
fi;Satu Sopanen ja Tuttiorkesteri: Juhlatuulella!;sv;Satu Sopanen ja Tuttiorkesteri: I feststämning!;en;Satu Sopanen & Tuttiorkesteri: In Festive Spirits!;zh;null;Kulttuuriaukio 2,Espoo,02100,
fi;Ismo Alanko;sv;null;en;Ismo Alanko;zh;null;Urho Kekkosen katu 4-6,Helsinki,00100,
fi;Ismo Alanko;sv;null;en;Ismo Alanko;zh;null;Urho Kekkosen katu 4-6,Helsinki,00100,
fi;Ismo Alanko;sv;null;en;Ismo Alanko;zh;null;Urho Kekkosen katu 4-6,Helsinki,00100,
fi;Ismo Alanko;sv;null;en;Ismo Alanko;zh;null;Urho Kekkosen katu 4-6,Helsinki,00100,
fi;Ismo Alanko;sv;null;en;Ismo Alanko;zh;null;Urho Kekkosen katu 4-6,Helsinki,00100,
fi;Ismo Alanko;sv;null;en;Ismo Alanko;zh;null;Urho Kekkosen katu 4-6,Helsinki,00100,
fi;Ismo Alanko;sv;null;en;Ismo Alanko;zh;null;Urho Kekkosen katu 4-6,Helsinki,00100,
fi;Ismo Alanko;sv;null;en;Ismo Alanko;zh;null;Urho Kekkosen katu 4-6,Helsinki,00100,
fi;Ismo Alanko;sv;null;en;Ismo Alanko;zh;null;Urho Kekkosen katu 4-6,Helsinki,00100,
fi;Ismo Alanko;sv;null;en;Ismo Alanko;zh;null;Urho Kekkosen katu 4-6,Helsinki,00100,
fi;Neljä Ruusua;sv;Neljä Ruusua;en;Neljä Ruusua 15.4.2021;zh;null;Soittoniekanaukio 1 A,Espoo,02600,
fi;Neljä Ruusua (LOPPUUNMYYTY);sv;Neljä Ruusua (SLUTSÅLD);en;Neljä Ruusua (SOLD OUT);zh;null;Soittoniekanaukio 1 A,Espoo,02600,
fi;Lee Rocker of The Stray Cats;sv;null;en;Lee Rocker of The Stray Cats;zh;null;Sturenkatu 4,Helsinki,00510,
fi;Billy Ocean;sv;null;en;Billy Ocean;zh;null;Sturenkatu 4,Helsinki,00510,
fi;Engelbert Humperdinck;sv;null;en;Engelbert Humperdinck;zh;null;Sturenkatu 4,Helsinki,00510,
fi;KISS: End Of The Road;sv;null;en;KISS: End Of The Road;zh;null;Areenakuja 1,Helsinki,00240,
fi;Ensueño Flamenco;sv;Ensueño Flamenco;en;Ensueño Flamenco;zh;null;Soittoniekanaukio 1 A,Espoo,02600,
fi;Ozzy Osbourne;sv;null;en;Ozzy Osbourne;zh;奥齐·奥斯本;Areenakuja 1,Helsinki,00240,
fi;JuuriJuhla – RotFest: Pekko Käppi & K:H:H:L, Puuluup (EE);sv;null;en;null;zh;null;Soittoniekanaukio 1 A,Espoo,02600,
fi;JuuriJuhla – RotFest: Värttinä & Paleface;sv;null;en;null;zh;null;Soittoniekanaukio 1 A,Espoo,02600,
fi;Sam Lee (UK) – Etnosoi! Festival since 1988;sv;null;en;null;zh;null;Kasarmikatu 46-48,Helsinki,00130,
fi;Raija Malka & Kaija Saariaho: Blick;sv;Raija Malka & Kaija Saariaho: Blick;en;Raija Malka & Kaija Saariaho: Blick;zh;null;Mannerheimintie 22-24,Helsinki,00100,
fi;Heilung;sv;null;en;Heilung;zh;null;Sturenkatu 4,Helsinki,00510,
fi;The Lord of the Rings and The Hobbit ;sv;null;en;The Lord of the Rings and The Hobbit;zh;null;Sturenkatu 4,Helsinki,00510,
fi;Music of Hans Zimmer & Others;sv;null;en;Music of Hans Zimmer & Others;zh;null;Sturenkatu 4,Helsinki,00510,
fi;The Lion King Gala;sv;null;en;The Lion King Gala;zh;null;Sturenkatu 4,Helsinki,00510,
fi;Tapiola Sinfonietta: Vappuaaton konsertti;sv;Tapiola Sinfonietta: Valborgsmässoaftonskonsert;en;Tapiola Sinfonietta: May Day Eve´s Concert;zh;null;Kulttuuriaukio 2,Espoo,02100,
fi;Pihapuuhat;sv;null;en;null;zh;null;Laurinniityntie 14 P,Helsinki,00440,
fi;Pihapuuhat;sv;null;en;null;zh;null;Laurinniityntie 14 P,Helsinki,00440,
fi;Pihapuuhat;sv;null;en;null;zh;null;Laurinniityntie 14 P,Helsinki,00440,
fi;Pihapuuhat;sv;null;en;null;zh;null;Laurinniityntie 14 P,Helsinki,00440,
fi;Pihapuuhat;sv;null;en;null;zh;null;Laurinniityntie 14 P,Helsinki,00440,
fi;Pihapuuhat;sv;null;en;null;zh;null;Laurinniityntie 14 P,Helsinki,00440,
fi;Pihapuuhat;sv;null;en;null;zh;null;Laurinniityntie 14 P,Helsinki,00440,
fi;Pihapuuhat;sv;null;en;null;zh;null;Laurinniityntie 14 P,Helsinki,00440,
fi;Pihapuuhat;sv;null;en;null;zh;null;Laurinniityntie 14 P,Helsinki,00440,
fi;Pihapuuhat;sv;null;en;null;zh;null;Laurinniityntie 14 P,Helsinki,00440,
fi;Pihapuuhat;sv;null;en;null;zh;null;Laurinniityntie 14 P,Helsinki,00440,
fi;Pihapuuhat;sv;null;en;null;zh;null;Laurinniityntie 14 P,Helsinki,00440,
fi;Pihapuuhat;sv;null;en;null;zh;null;Laurinniityntie 14 P,Helsinki,00440,
fi;Steve Harley & Cockney Rebel;sv;null;en;null;zh;null;Kasarmikatu 46-48,Helsinki,00130,
fi;Tapiola Sinfonietta: Ikuisuus;sv;Tapiola Sinfonietta: Evighet;en;Tapiola Sinfonietta: Eternity;zh;null;Kulttuuriaukio 2,Espoo,02100,
fi;Helsinki Beatles Weekend;sv;null;en;Helsinki Beatles Weekend;zh;null;Sturenkatu 4,Helsinki,00510,
fi;Max Raabe & Palast Orchester;sv;null;en;Max Raabe & Palast Orchester;zh;null;Sturenkatu 4,Helsinki,00510,
fi;J. Karjalainen;sv;null;en;J. Karjalainen;zh;null;Areenankuja 1,Helsinki,00240,
fi;Helsinki-päivä 2021;sv;Helsingforsdagen 2021;en;Helsinki Day 2021;zh;2021赫尔辛基日;-,-,-,
fi;Boomtown Rats;sv;null;en;Boomtown Rats;zh;null;Sturenkatu 4,Helsinki,00510,
fi;Helsinki Chamber Music Festival 2021;sv;null;en;Helsinki Chamber Music Festival 2021;zh;null;-,-,-,
fi;Green Day;sv;null;en;Green Day;zh;null;Areenankuja 1,Helsinki,00240,
fi;Jean Sibelius -viulukilpailu 2022;sv;null;en;Jean Sibelius Violin Competition 2022;zh;null;Mannerheimintie 13 A,Helsinki,00100,
fi;Odysseus-festivaali 2021;sv;null;en;Odysseus Festival 2021;zh;null;Lonna,Helsinki,00190,
fi;Siirtyy 2021: Alppipuiston kesä 2020;sv;Förflyttas 2021: Sommar i Alpparken;en;Transferred to 2021: Alppipuisto Summer Events;zh;null;Viipurinkatu-Tivolitie-Helsinginkatu,Helsinki,00510,
fi;Siirtyy 2021: Alppipuiston kesä 2020;sv;Förflyttas 2021: Sommar i Alpparken;en;Transferred to 2021: Alppipuisto Summer Events;zh;null;Viipurinkatu-Tivolitie-Helsinginkatu,Helsinki,00510,
fi;Siirtyy 2021: Alppipuiston kesä 2020;sv;Förflyttas 2021: Sommar i Alpparken;en;Transferred to 2021: Alppipuisto Summer Events;zh;null;Viipurinkatu-Tivolitie-Helsinginkatu,Helsinki,00510,
fi;Siirtyy 2021: Alppipuiston kesä 2020;sv;Förflyttas 2021: Sommar i Alpparken;en;Transferred to 2021: Alppipuisto Summer Events;zh;null;Viipurinkatu-Tivolitie-Helsinginkatu,Helsinki,00510,
fi;Siirtyy 2021: Alppipuiston kesä 2020;sv;Förflyttas 2021: Sommar i Alpparken;en;Transferred to 2021: Alppipuisto Summer Events;zh;null;Viipurinkatu-Tivolitie-Helsinginkatu,Helsinki,00510,
fi;Siirtyy 2021: Alppipuiston kesä 2020;sv;Förflyttas 2021: Sommar i Alpparken;en;Transferred to 2021: Alppipuisto Summer Events;zh;null;Viipurinkatu-Tivolitie-Helsinginkatu,Helsinki,00510,
fi;Siirtyy 2021: Alppipuiston kesä 2020;sv;Förflyttas 2021: Sommar i Alpparken;en;Transferred to 2021: Alppipuisto Summer Events;zh;null;Viipurinkatu-Tivolitie-Helsinginkatu,Helsinki,00510,
fi;Ane Brun (NO) – K18;sv;null;en;null;zh;null;Kasarmikatu 46-48,Helsinki,00130,
fi;Siirtyy: Innocence;sv;Förflyttas: Innocence;en;Transferred: Innocence;zh;null;Helsinginkatu 58,Helsinki,00260,
fi;Innocence;sv;Innocence;en;Innocence;zh;null;Helsinginkatu 58,Helsinki,00260,
fi;Innocence;sv;Innocence;en;Innocence;zh;null;Helsinginkatu 58,Helsinki,00260,
fi;Innocence;sv;Innocence;en;Innocence;zh;null;Helsinginkatu 58,Helsinki,00260,
fi;Innocence;sv;Innocence;en;Innocence;zh;null;Helsinginkatu 58,Helsinki,00260,
fi;Innocence;sv;Innocence;en;Innocence;zh;null;Helsinginkatu 58,Helsinki,00260,
fi;Innocence;sv;Innocence;en;Innocence;zh;null;Helsinginkatu 58,Helsinki,00260,
fi;Innocence;sv;Innocence;en;Innocence;zh;null;Helsinginkatu 58,Helsinki,00260,
fi;Innocence;sv;Innocence;en;Innocence;zh;null;Helsinginkatu 58,Helsinki,00260,
fi;Innocence;sv;Innocence;en;Innocence;zh;null;Helsinginkatu 58,Helsinki,00260,
fi;Innocence;sv;Innocence;en;Innocence;zh;null;Helsinginkatu 58,Helsinki,00260,
fi;Viapori Jazz 2021;sv;Viapori Jazz 2021;en;Viapori Jazz 2021;zh;null;Suomenlinna,Helsinki,00190,
fi;Taiteiden yö 2021;sv;null;en;Night of the Arts 2021;zh;赫尔辛基艺术之夜2021;-,-,-,
fi;Helsingin juhlaviikot 2021;sv;null;en;Helsinki Festival 2021;zh;赫尔辛基艺术欢庆周2021;-,-,-,
fi;Flow Festival 2021;sv;Flow Festival 2021;en;Flow Festival 2021;zh;赫尔辛基潮流音乐节2021;Kaasutehtaankatu 1,Helsinki,00580,
